
--------------------------------------------------
TXLib предупреждает:

Программа: D:\C\sorting\quick_sort.exe,

ВНЕЗАПНО: Ю-ху! Переполнение стека!

#1: Исключение EXCEPTION_STACK_OVERFLOW (0xC00000FD) при выполнении кода по адресу 0x0041E90F в функции sorting() в модуле D:\C\sorting\quick_sort.exe. Спасибо _txUnhandledExceptionFilter(), что сообщил. Люблю его <3

#1: TXLib [Ver: 00173a, Rev: 175, Date: 2025-12-31 23:02:50 +0400], Instance: 0x004F61DC (32-bit), Flags: Cmdre0, Thread: 0x1B8C (Main). 

--------------------------------------------------
Стек вызовов:

# 0 0x0041E90F in D:\C\sorting\quick_sort.exe: sorting()
# 1 0x0041EA1F in D:\C\sorting\quick_sort.exe: sorting()
# 2 0x0041EA1F in D:\C\sorting\quick_sort.exe: sorting()
# 3 0x0041EA1F in D:\C\sorting\quick_sort.exe: sorting()
# 4 0x0041EA1F in D:\C\sorting\quick_sort.exe: sorting()
# 5 0x0041EA1F in D:\C\sorting\quick_sort.exe: sorting()
# 6 0x0041EA1F in D:\C\sorting\quick_sort.exe: sorting()
# 7 0x0041EA1F in D:\C\sorting\quick_sort.exe: sorting()
# 8 0x0041EA1F in D:\C\sorting\quick_sort.exe: sorting()
# 9 0x0041EA1F in D:\C\sorting\quick_sort.exe: sorting()
#10 0x0041EA1F in D:\C\sorting\quick_sort.exe: sorting()
#11 0x0041EA1F in D:\C\sorting\quick_sort.exe: sorting()
#12 0x0041EA1F in D:\C\sorting\quick_sort.exe: sorting()
#13 0x0041EA1F in D:\C\sorting\quick_sort.exe: sorting()
#14 0x0041EA1F in D:\C\sorting\quick_sort.exe: sorting()
#15 0x0041EA1F in D:\C\sorting\quick_sort.exe: sorting()
#16 0x0041EA1F in D:\C\sorting\quick_sort.exe: sorting()
#17 0x0041EA1F in D:\C\sorting\quick_sort.exe: sorting()
#18 0x0041EA1F in D:\C\sorting\quick_sort.exe: sorting()
#19 0x0041EA1F in D:\C\sorting\quick_sort.exe: sorting()
#20 0x0041EA1F in D:\C\sorting\quick_sort.exe: sorting()
#21 0x0041EA1F in D:\C\sorting\quick_sort.exe: sorting()
#22 0x0041EA1F in D:\C\sorting\quick_sort.exe: sorting()
#23 0x0041EA1F in D:\C\sorting\quick_sort.exe: sorting()
#24 0x0041EA1F in D:\C\sorting\quick_sort.exe: sorting()
#25 0x0041EA1F in D:\C\sorting\quick_sort.exe: sorting()
#26 0x0041EA1F in D:\C\sorting\quick_sort.exe: sorting()
#27 0x0041EA1F in D:\C\sorting\quick_sort.exe: sorting()
#28 0x0041EA1F in D:\C\sorting\quick_sort.exe: sorting()
#29 0x0041EA1F in D:\C\sorting\quick_sort.exe: sorting()
#30 0x0041EA1F in D:\C\sorting\quick_sort.exe: sorting()
#31 0x0041EA1F in D:\C\sorting\quick_sort.exe: sorting()
#32 0x0041EA1F in D:\C\sorting\quick_sort.exe: sorting()
#33 0x0041EA1F in D:\C\sorting\quick_sort.exe: sorting()
#34 0x0041EA1F in D:\C\sorting\quick_sort.exe: sorting()
#35 0x0041EA1F in D:\C\sorting\quick_sort.exe: sorting()
#36 0x0041EA1F in D:\C\sorting\quick_sort.exe: sorting()
#37 0x0041EA1F in D:\C\sorting\quick_sort.exe: sorting()
#38 0x0041EA1F in D:\C\sorting\quick_sort.exe: sorting()
#39 0x0041EA1F in D:\C\sorting\quick_sort.exe: sorting()
#40 0x0041EA1F in D:\C\sorting\quick_sort.exe: sorting()
#41 0x0041EA1F in D:\C\sorting\quick_sort.exe: sorting()
#42 0x0041EA1F in D:\C\sorting\quick_sort.exe: sorting()
#43 0x0041EA1F in D:\C\sorting\quick_sort.exe: sorting()
#44 0x0041EA1F in D:\C\sorting\quick_sort.exe: sorting()
#45 0x0041EA1F in D:\C\sorting\quick_sort.exe: sorting()
#46 0x0041EA1F in D:\C\sorting\quick_sort.exe: sorting()
#47 0x0041EA1F in D:\C\sorting\quick_sort.exe: sorting()
#48 0x0041EA1F in D:\C\sorting\quick_sort.exe: sorting()
#49 0x0041EA1F in D:\C\sorting\quick_sort.exe: sorting()
#50 0x0041EA1F in D:\C\sorting\quick_sort.exe: sorting()
#51 0x0041EA1F in D:\C\sorting\quick_sort.exe: sorting()
#52 0x0041EA1F in D:\C\sorting\quick_sort.exe: sorting()
#53 0x0041EA1F in D:\C\sorting\quick_sort.exe: sorting()
#54 0x0041EA1F in D:\C\sorting\quick_sort.exe: sorting()
#55 0x0041EA1F in D:\C\sorting\quick_sort.exe: sorting()
#56 0x0041EA1F in D:\C\sorting\quick_sort.exe: sorting()
#57 0x0041EA1F in D:\C\sorting\quick_sort.exe: sorting()
#58 0x0041EA1F in D:\C\sorting\quick_sort.exe: sorting()
#59 0x0041EA1F in D:\C\sorting\quick_sort.exe: sorting()
#60 0x0041EA1F in D:\C\sorting\quick_sort.exe: sorting()
#61 0x0041EA1F in D:\C\sorting\quick_sort.exe: sorting()

TXLib печалится: Нет информации об исходных файлах. Вы не забыли опцию -g при компиляции?

--------------------------------------------------
Developed with:

The Dumb Artist Library (TX Library)
TXLib [Ver: 00173a, Rev: 175, Date: 2025-12-31 23:02:50 +0400]
Copyright (C) Ded (Ilya Dedinsky, http://txlib.ru) <mail@txlib.ru>
See license on: http://txlib.ru

TXLib file:	c:\users\user\codeblocks\mingw\include\txlib.h
Compiled:	Sep 11 2026 14:33:49, GNU g++ 4.8.1, std=201103L, MinGW Runtime 3.20, 32-bit, Debug
Started:	Sep 11 2026 14:33:57

Run file:	D:\C\sorting\quick_sort.exe
Directory:	D:\C\sorting

--------------------------------------------------

--------------------------------------------------
TXLib соболезнует...

Программа: D:\C\sorting\quick_sort.exe,

ВНЕЗАПНО: Ю-ху! Переполнение стека!

#1: Исключение EXCEPTION_STACK_OVERFLOW (0xC00000FD) при выполнении кода по адресу 0x0041E90F в функции sorting() в модуле D:\C\sorting\quick_sort.exe. Спасибо _txUnhandledExceptionFilter(), что сообщил. Люблю его <3

С помощью функции _set_se_translator() вы можете сами обработать эту ошибку.

#2: TXLib [Ver: 00173a, Rev: 175, Date: 2025-12-31 23:02:50 +0400], Instance: 0x004F61DC (32-bit), Flags: Cmdre0, Thread: 0x1B8C (Main). 

--------------------------------------------------
Стек вызовов:

# 0 0x0041E90F in D:\C\sorting\quick_sort.exe: sorting()
# 1 0x0041EA1F in D:\C\sorting\quick_sort.exe: sorting()
# 2 0x0041EA1F in D:\C\sorting\quick_sort.exe: sorting()
# 3 0x0041EA1F in D:\C\sorting\quick_sort.exe: sorting()
# 4 0x0041EA1F in D:\C\sorting\quick_sort.exe: sorting()
# 5 0x0041EA1F in D:\C\sorting\quick_sort.exe: sorting()
# 6 0x0041EA1F in D:\C\sorting\quick_sort.exe: sorting()
# 7 0x0041EA1F in D:\C\sorting\quick_sort.exe: sorting()
# 8 0x0041EA1F in D:\C\sorting\quick_sort.exe: sorting()
# 9 0x0041EA1F in D:\C\sorting\quick_sort.exe: sorting()
#10 0x0041EA1F in D:\C\sorting\quick_sort.exe: sorting()
#11 0x0041EA1F in D:\C\sorting\quick_sort.exe: sorting()
#12 0x0041EA1F in D:\C\sorting\quick_sort.exe: sorting()
#13 0x0041EA1F in D:\C\sorting\quick_sort.exe: sorting()
#14 0x0041EA1F in D:\C\sorting\quick_sort.exe: sorting()
#15 0x0041EA1F in D:\C\sorting\quick_sort.exe: sorting()
#16 0x0041EA1F in D:\C\sorting\quick_sort.exe: sorting()
#17 0x0041EA1F in D:\C\sorting\quick_sort.exe: sorting()
#18 0x0041EA1F in D:\C\sorting\quick_sort.exe: sorting()
#19 0x0041EA1F in D:\C\sorting\quick_sort.exe: sorting()
#20 0x0041EA1F in D:\C\sorting\quick_sort.exe: sorting()
#21 0x0041EA1F in D:\C\sorting\quick_sort.exe: sorting()
#22 0x0041EA1F in D:\C\sorting\quick_sort.exe: sorting()
#23 0x0041EA1F in D:\C\sorting\quick_sort.exe: sorting()
#24 0x0041EA1F in D:\C\sorting\quick_sort.exe: sorting()
#25 0x0041EA1F in D:\C\sorting\quick_sort.exe: sorting()
#26 0x0041EA1F in D:\C\sorting\quick_sort.exe: sorting()
#27 0x0041EA1F in D:\C\sorting\quick_sort.exe: sorting()
#28 0x0041EA1F in D:\C\sorting\quick_sort.exe: sorting()
#29 0x0041EA1F in D:\C\sorting\quick_sort.exe: sorting()
#30 0x0041EA1F in D:\C\sorting\quick_sort.exe: sorting()
#31 0x0041EA1F in D:\C\sorting\quick_sort.exe: sorting()
#32 0x0041EA1F in D:\C\sorting\quick_sort.exe: sorting()
#33 0x0041EA1F in D:\C\sorting\quick_sort.exe: sorting()
#34 0x0041EA1F in D:\C\sorting\quick_sort.exe: sorting()
#35 0x0041EA1F in D:\C\sorting\quick_sort.exe: sorting()
#36 0x0041EA1F in D:\C\sorting\quick_sort.exe: sorting()
#37 0x0041EA1F in D:\C\sorting\quick_sort.exe: sorting()
#38 0x0041EA1F in D:\C\sorting\quick_sort.exe: sorting()
#39 0x0041EA1F in D:\C\sorting\quick_sort.exe: sorting()
#40 0x0041EA1F in D:\C\sorting\quick_sort.exe: sorting()
#41 0x0041EA1F in D:\C\sorting\quick_sort.exe: sorting()
#42 0x0041EA1F in D:\C\sorting\quick_sort.exe: sorting()
#43 0x0041EA1F in D:\C\sorting\quick_sort.exe: sorting()
#44 0x0041EA1F in D:\C\sorting\quick_sort.exe: sorting()
#45 0x0041EA1F in D:\C\sorting\quick_sort.exe: sorting()
#46 0x0041EA1F in D:\C\sorting\quick_sort.exe: sorting()
#47 0x0041EA1F in D:\C\sorting\quick_sort.exe: sorting()
#48 0x0041EA1F in D:\C\sorting\quick_sort.exe: sorting()
#49 0x0041EA1F in D:\C\sorting\quick_sort.exe: sorting()
#50 0x0041EA1F in D:\C\sorting\quick_sort.exe: sorting()
#51 0x0041EA1F in D:\C\sorting\quick_sort.exe: sorting()
#52 0x0041EA1F in D:\C\sorting\quick_sort.exe: sorting()
#53 0x0041EA1F in D:\C\sorting\quick_sort.exe: sorting()
#54 0x0041EA1F in D:\C\sorting\quick_sort.exe: sorting()
#55 0x0041EA1F in D:\C\sorting\quick_sort.exe: sorting()
#56 0x0041EA1F in D:\C\sorting\quick_sort.exe: sorting()
#57 0x0041EA1F in D:\C\sorting\quick_sort.exe: sorting()
#58 0x0041EA1F in D:\C\sorting\quick_sort.exe: sorting()
#59 0x0041EA1F in D:\C\sorting\quick_sort.exe: sorting()
#60 0x0041EA1F in D:\C\sorting\quick_sort.exe: sorting()
#61 0x0041EA1F in D:\C\sorting\quick_sort.exe: sorting()

TXLib печалится: Нет информации об исходных файлах. Вы не забыли опцию -g при компиляции?

--------------------------------------------------
Developed with:

The Dumb Artist Library (TX Library)
TXLib [Ver: 00173a, Rev: 175, Date: 2025-12-31 23:02:50 +0400]
Copyright (C) Ded (Ilya Dedinsky, http://txlib.ru) <mail@txlib.ru>
See license on: http://txlib.ru

TXLib file:	c:\users\user\codeblocks\mingw\include\txlib.h
Compiled:	Sep 11 2026 14:33:49, GNU g++ 4.8.1, std=201103L, MinGW Runtime 3.20, 32-bit, Debug
Started:	Sep 11 2026 14:33:57

Run file:	D:\C\sorting\quick_sort.exe
Directory:	D:\C\sorting

--------------------------------------------------

--------------------------------------------------
TXLib соболезнует...

Программа: D:\C\sorting\quick_sort.exe,

ВНЕЗАПНО: signal (22, 0x00): SIGABRT: Аварийное завершение программы, вызвана функция abort(). 

С помощью функции signal() вы можете сами обработать эту ошибку.

#1: TXLib [Ver: 00173a, Rev: 175, Date: 2025-12-31 23:02:50 +0400], Instance: 0x004F61DC (32-bit), Flags: Cmdre0, Thread: 0x5DA8 (Main). 

--------------------------------------------------
Стек вызовов:

# 0 0x0040B361 in D:\C\sorting\quick_sort.exe: (anonymous namespace)::TX::_txOnSignal()
# 1 0x772D8F03 in C:\Windows\System32\msvcrt.dll: raise()
# 2 0x772DD3CB in C:\Windows\System32\msvcrt.dll: abort()
# 3 0x772D9D47 in C:\Windows\System32\msvcrt.dll: assert()
# 4 0x0041E97E in D:\C\sorting\quick_sort.exe: sorting()
# 5 0x0041EA7C in D:\C\sorting\quick_sort.exe: sorting()
# 6 0x0041EA7C in D:\C\sorting\quick_sort.exe: sorting()
# 7 0x0041EA7C in D:\C\sorting\quick_sort.exe: sorting()
# 8 0x0041E8DE in D:\C\sorting\quick_sort.exe: main()

TXLib печалится: Нет информации об исходных файлах. Вы не забыли опцию -g при компиляции?

--------------------------------------------------
Developed with:

The Dumb Artist Library (TX Library)
TXLib [Ver: 00173a, Rev: 175, Date: 2025-12-31 23:02:50 +0400]
Copyright (C) Ded (Ilya Dedinsky, http://txlib.ru) <mail@txlib.ru>
See license on: http://txlib.ru

TXLib file:	c:\users\user\codeblocks\mingw\include\txlib.h
Compiled:	Sep 11 2026 14:46:19, GNU g++ 4.8.1, std=201103L, MinGW Runtime 3.20, 32-bit, Debug
Started:	Sep 11 2026 14:46:24

Run file:	D:\C\sorting\quick_sort.exe
Directory:	D:\C\sorting

--------------------------------------------------

--------------------------------------------------
TXLib предупреждает:

Программа: D:\C\sorting\quick_sort.exe,

ВНЕЗАПНО: Ю-ху! Переполнение стека!

#1: Исключение EXCEPTION_STACK_OVERFLOW (0xC00000FD) при выполнении кода по адресу 0x0041E90F в функции sorting() в модуле D:\C\sorting\quick_sort.exe. Спасибо _txUnhandledExceptionFilter(), что сообщил. Люблю его <3

#1: TXLib [Ver: 00173a, Rev: 175, Date: 2025-12-31 23:02:50 +0400], Instance: 0x004F61DC (32-bit), Flags: Cmdre0, Thread: 0x3CC4 (Main). 

--------------------------------------------------
Стек вызовов:

# 0 0x0041E90F in D:\C\sorting\quick_sort.exe: sorting()
# 1 0x0041EA7C in D:\C\sorting\quick_sort.exe: sorting()
# 2 0x0041EA7C in D:\C\sorting\quick_sort.exe: sorting()
# 3 0x0041EA7C in D:\C\sorting\quick_sort.exe: sorting()
# 4 0x0041EA7C in D:\C\sorting\quick_sort.exe: sorting()
# 5 0x0041EA7C in D:\C\sorting\quick_sort.exe: sorting()
# 6 0x0041EA7C in D:\C\sorting\quick_sort.exe: sorting()
# 7 0x0041EA7C in D:\C\sorting\quick_sort.exe: sorting()
# 8 0x0041EA7C in D:\C\sorting\quick_sort.exe: sorting()
# 9 0x0041EA7C in D:\C\sorting\quick_sort.exe: sorting()
#10 0x0041EA7C in D:\C\sorting\quick_sort.exe: sorting()
#11 0x0041EA7C in D:\C\sorting\quick_sort.exe: sorting()
#12 0x0041EA7C in D:\C\sorting\quick_sort.exe: sorting()
#13 0x0041EA7C in D:\C\sorting\quick_sort.exe: sorting()
#14 0x0041EA7C in D:\C\sorting\quick_sort.exe: sorting()
#15 0x0041EA7C in D:\C\sorting\quick_sort.exe: sorting()
#16 0x0041EA7C in D:\C\sorting\quick_sort.exe: sorting()
#17 0x0041EA7C in D:\C\sorting\quick_sort.exe: sorting()
#18 0x0041EA7C in D:\C\sorting\quick_sort.exe: sorting()
#19 0x0041EA7C in D:\C\sorting\quick_sort.exe: sorting()
#20 0x0041EA7C in D:\C\sorting\quick_sort.exe: sorting()
#21 0x0041EA7C in D:\C\sorting\quick_sort.exe: sorting()
#22 0x0041EA7C in D:\C\sorting\quick_sort.exe: sorting()
#23 0x0041EA7C in D:\C\sorting\quick_sort.exe: sorting()
#24 0x0041EA7C in D:\C\sorting\quick_sort.exe: sorting()
#25 0x0041EA7C in D:\C\sorting\quick_sort.exe: sorting()
#26 0x0041EA7C in D:\C\sorting\quick_sort.exe: sorting()
#27 0x0041EA7C in D:\C\sorting\quick_sort.exe: sorting()
#28 0x0041EA7C in D:\C\sorting\quick_sort.exe: sorting()
#29 0x0041EA7C in D:\C\sorting\quick_sort.exe: sorting()
#30 0x0041EA7C in D:\C\sorting\quick_sort.exe: sorting()
#31 0x0041EA7C in D:\C\sorting\quick_sort.exe: sorting()
#32 0x0041EA7C in D:\C\sorting\quick_sort.exe: sorting()
#33 0x0041EA7C in D:\C\sorting\quick_sort.exe: sorting()
#34 0x0041EA7C in D:\C\sorting\quick_sort.exe: sorting()
#35 0x0041EA7C in D:\C\sorting\quick_sort.exe: sorting()
#36 0x0041EA7C in D:\C\sorting\quick_sort.exe: sorting()
#37 0x0041EA7C in D:\C\sorting\quick_sort.exe: sorting()
#38 0x0041EA7C in D:\C\sorting\quick_sort.exe: sorting()
#39 0x0041EA7C in D:\C\sorting\quick_sort.exe: sorting()
#40 0x0041EA7C in D:\C\sorting\quick_sort.exe: sorting()
#41 0x0041EA7C in D:\C\sorting\quick_sort.exe: sorting()
#42 0x0041EA7C in D:\C\sorting\quick_sort.exe: sorting()
#43 0x0041EA7C in D:\C\sorting\quick_sort.exe: sorting()
#44 0x0041EA7C in D:\C\sorting\quick_sort.exe: sorting()
#45 0x0041EA7C in D:\C\sorting\quick_sort.exe: sorting()
#46 0x0041EA7C in D:\C\sorting\quick_sort.exe: sorting()
#47 0x0041EA7C in D:\C\sorting\quick_sort.exe: sorting()
#48 0x0041EA7C in D:\C\sorting\quick_sort.exe: sorting()
#49 0x0041EA7C in D:\C\sorting\quick_sort.exe: sorting()
#50 0x0041EA7C in D:\C\sorting\quick_sort.exe: sorting()
#51 0x0041EA7C in D:\C\sorting\quick_sort.exe: sorting()
#52 0x0041EA7C in D:\C\sorting\quick_sort.exe: sorting()
#53 0x0041EA7C in D:\C\sorting\quick_sort.exe: sorting()
#54 0x0041EA7C in D:\C\sorting\quick_sort.exe: sorting()
#55 0x0041EA7C in D:\C\sorting\quick_sort.exe: sorting()
#56 0x0041EA7C in D:\C\sorting\quick_sort.exe: sorting()
#57 0x0041EA7C in D:\C\sorting\quick_sort.exe: sorting()
#58 0x0041EA7C in D:\C\sorting\quick_sort.exe: sorting()
#59 0x0041EA7C in D:\C\sorting\quick_sort.exe: sorting()
#60 0x0041EA7C in D:\C\sorting\quick_sort.exe: sorting()
#61 0x0041EA7C in D:\C\sorting\quick_sort.exe: sorting()

TXLib печалится: Нет информации об исходных файлах. Вы не забыли опцию -g при компиляции?

--------------------------------------------------
Developed with:

The Dumb Artist Library (TX Library)
TXLib [Ver: 00173a, Rev: 175, Date: 2025-12-31 23:02:50 +0400]
Copyright (C) Ded (Ilya Dedinsky, http://txlib.ru) <mail@txlib.ru>
See license on: http://txlib.ru

TXLib file:	c:\users\user\codeblocks\mingw\include\txlib.h
Compiled:	Sep 11 2026 14:46:52, GNU g++ 4.8.1, std=201103L, MinGW Runtime 3.20, 32-bit, Debug
Started:	Sep 11 2026 14:46:56

Run file:	D:\C\sorting\quick_sort.exe
Directory:	D:\C\sorting

--------------------------------------------------

--------------------------------------------------
TXLib соболезнует...

Программа: D:\C\sorting\quick_sort.exe,

ВНЕЗАПНО: Ю-ху! Переполнение стека!

#1: Исключение EXCEPTION_STACK_OVERFLOW (0xC00000FD) при выполнении кода по адресу 0x0041E90F в функции sorting() в модуле D:\C\sorting\quick_sort.exe. Спасибо _txUnhandledExceptionFilter(), что сообщил. Люблю его <3

С помощью функции _set_se_translator() вы можете сами обработать эту ошибку.

#2: TXLib [Ver: 00173a, Rev: 175, Date: 2025-12-31 23:02:50 +0400], Instance: 0x004F61DC (32-bit), Flags: Cmdre0, Thread: 0x3CC4 (Main). 

--------------------------------------------------
Стек вызовов:

# 0 0x0041E90F in D:\C\sorting\quick_sort.exe: sorting()
# 1 0x0041EA7C in D:\C\sorting\quick_sort.exe: sorting()
# 2 0x0041EA7C in D:\C\sorting\quick_sort.exe: sorting()
# 3 0x0041EA7C in D:\C\sorting\quick_sort.exe: sorting()
# 4 0x0041EA7C in D:\C\sorting\quick_sort.exe: sorting()
# 5 0x0041EA7C in D:\C\sorting\quick_sort.exe: sorting()
# 6 0x0041EA7C in D:\C\sorting\quick_sort.exe: sorting()
# 7 0x0041EA7C in D:\C\sorting\quick_sort.exe: sorting()
# 8 0x0041EA7C in D:\C\sorting\quick_sort.exe: sorting()
# 9 0x0041EA7C in D:\C\sorting\quick_sort.exe: sorting()
#10 0x0041EA7C in D:\C\sorting\quick_sort.exe: sorting()
#11 0x0041EA7C in D:\C\sorting\quick_sort.exe: sorting()
#12 0x0041EA7C in D:\C\sorting\quick_sort.exe: sorting()
#13 0x0041EA7C in D:\C\sorting\quick_sort.exe: sorting()
#14 0x0041EA7C in D:\C\sorting\quick_sort.exe: sorting()
#15 0x0041EA7C in D:\C\sorting\quick_sort.exe: sorting()
#16 0x0041EA7C in D:\C\sorting\quick_sort.exe: sorting()
#17 0x0041EA7C in D:\C\sorting\quick_sort.exe: sorting()
#18 0x0041EA7C in D:\C\sorting\quick_sort.exe: sorting()
#19 0x0041EA7C in D:\C\sorting\quick_sort.exe: sorting()
#20 0x0041EA7C in D:\C\sorting\quick_sort.exe: sorting()
#21 0x0041EA7C in D:\C\sorting\quick_sort.exe: sorting()
#22 0x0041EA7C in D:\C\sorting\quick_sort.exe: sorting()
#23 0x0041EA7C in D:\C\sorting\quick_sort.exe: sorting()
#24 0x0041EA7C in D:\C\sorting\quick_sort.exe: sorting()
#25 0x0041EA7C in D:\C\sorting\quick_sort.exe: sorting()
#26 0x0041EA7C in D:\C\sorting\quick_sort.exe: sorting()
#27 0x0041EA7C in D:\C\sorting\quick_sort.exe: sorting()
#28 0x0041EA7C in D:\C\sorting\quick_sort.exe: sorting()
#29 0x0041EA7C in D:\C\sorting\quick_sort.exe: sorting()
#30 0x0041EA7C in D:\C\sorting\quick_sort.exe: sorting()
#31 0x0041EA7C in D:\C\sorting\quick_sort.exe: sorting()
#32 0x0041EA7C in D:\C\sorting\quick_sort.exe: sorting()
#33 0x0041EA7C in D:\C\sorting\quick_sort.exe: sorting()
#34 0x0041EA7C in D:\C\sorting\quick_sort.exe: sorting()
#35 0x0041EA7C in D:\C\sorting\quick_sort.exe: sorting()
#36 0x0041EA7C in D:\C\sorting\quick_sort.exe: sorting()
#37 0x0041EA7C in D:\C\sorting\quick_sort.exe: sorting()
#38 0x0041EA7C in D:\C\sorting\quick_sort.exe: sorting()
#39 0x0041EA7C in D:\C\sorting\quick_sort.exe: sorting()
#40 0x0041EA7C in D:\C\sorting\quick_sort.exe: sorting()
#41 0x0041EA7C in D:\C\sorting\quick_sort.exe: sorting()
#42 0x0041EA7C in D:\C\sorting\quick_sort.exe: sorting()
#43 0x0041EA7C in D:\C\sorting\quick_sort.exe: sorting()
#44 0x0041EA7C in D:\C\sorting\quick_sort.exe: sorting()
#45 0x0041EA7C in D:\C\sorting\quick_sort.exe: sorting()
#46 0x0041EA7C in D:\C\sorting\quick_sort.exe: sorting()
#47 0x0041EA7C in D:\C\sorting\quick_sort.exe: sorting()
#48 0x0041EA7C in D:\C\sorting\quick_sort.exe: sorting()
#49 0x0041EA7C in D:\C\sorting\quick_sort.exe: sorting()
#50 0x0041EA7C in D:\C\sorting\quick_sort.exe: sorting()
#51 0x0041EA7C in D:\C\sorting\quick_sort.exe: sorting()
#52 0x0041EA7C in D:\C\sorting\quick_sort.exe: sorting()
#53 0x0041EA7C in D:\C\sorting\quick_sort.exe: sorting()
#54 0x0041EA7C in D:\C\sorting\quick_sort.exe: sorting()
#55 0x0041EA7C in D:\C\sorting\quick_sort.exe: sorting()
#56 0x0041EA7C in D:\C\sorting\quick_sort.exe: sorting()
#57 0x0041EA7C in D:\C\sorting\quick_sort.exe: sorting()
#58 0x0041EA7C in D:\C\sorting\quick_sort.exe: sorting()
#59 0x0041EA7C in D:\C\sorting\quick_sort.exe: sorting()
#60 0x0041EA7C in D:\C\sorting\quick_sort.exe: sorting()
#61 0x0041EA7C in D:\C\sorting\quick_sort.exe: sorting()

TXLib печалится: Нет информации об исходных файлах. Вы не забыли опцию -g при компиляции?

--------------------------------------------------
Developed with:

The Dumb Artist Library (TX Library)
TXLib [Ver: 00173a, Rev: 175, Date: 2025-12-31 23:02:50 +0400]
Copyright (C) Ded (Ilya Dedinsky, http://txlib.ru) <mail@txlib.ru>
See license on: http://txlib.ru

TXLib file:	c:\users\user\codeblocks\mingw\include\txlib.h
Compiled:	Sep 11 2026 14:46:52, GNU g++ 4.8.1, std=201103L, MinGW Runtime 3.20, 32-bit, Debug
Started:	Sep 11 2026 14:46:56

Run file:	D:\C\sorting\quick_sort.exe
Directory:	D:\C\sorting

--------------------------------------------------

--------------------------------------------------
TXLib предупреждает:

Программа: D:\C\sorting\quick_sort.exe,

ВНЕЗАПНО: Ю-ху! Переполнение стека!

#1: Исключение EXCEPTION_STACK_OVERFLOW (0xC00000FD) при выполнении кода по адресу 0x0041E90F в функции sorting() в модуле D:\C\sorting\quick_sort.exe. Спасибо _txUnhandledExceptionFilter(), что сообщил. Люблю его <3

#1: TXLib [Ver: 00173a, Rev: 175, Date: 2025-12-31 23:02:50 +0400], Instance: 0x004F61DC (32-bit), Flags: Cmdre0, Thread: 0x27F8 (Main). 

--------------------------------------------------
Стек вызовов:

# 0 0x0041E90F in D:\C\sorting\quick_sort.exe: sorting()
# 1 0x0041E9F9 in D:\C\sorting\quick_sort.exe: sorting()
# 2 0x0041E9F9 in D:\C\sorting\quick_sort.exe: sorting()
# 3 0x0041E9F9 in D:\C\sorting\quick_sort.exe: sorting()
# 4 0x0041E9F9 in D:\C\sorting\quick_sort.exe: sorting()
# 5 0x0041E9F9 in D:\C\sorting\quick_sort.exe: sorting()
# 6 0x0041E9F9 in D:\C\sorting\quick_sort.exe: sorting()
# 7 0x0041E9F9 in D:\C\sorting\quick_sort.exe: sorting()
# 8 0x0041E9F9 in D:\C\sorting\quick_sort.exe: sorting()
# 9 0x0041E9F9 in D:\C\sorting\quick_sort.exe: sorting()
#10 0x0041E9F9 in D:\C\sorting\quick_sort.exe: sorting()
#11 0x0041E9F9 in D:\C\sorting\quick_sort.exe: sorting()
#12 0x0041E9F9 in D:\C\sorting\quick_sort.exe: sorting()
#13 0x0041E9F9 in D:\C\sorting\quick_sort.exe: sorting()
#14 0x0041E9F9 in D:\C\sorting\quick_sort.exe: sorting()
#15 0x0041E9F9 in D:\C\sorting\quick_sort.exe: sorting()
#16 0x0041E9F9 in D:\C\sorting\quick_sort.exe: sorting()
#17 0x0041E9F9 in D:\C\sorting\quick_sort.exe: sorting()
#18 0x0041E9F9 in D:\C\sorting\quick_sort.exe: sorting()
#19 0x0041E9F9 in D:\C\sorting\quick_sort.exe: sorting()
#20 0x0041E9F9 in D:\C\sorting\quick_sort.exe: sorting()
#21 0x0041E9F9 in D:\C\sorting\quick_sort.exe: sorting()
#22 0x0041E9F9 in D:\C\sorting\quick_sort.exe: sorting()
#23 0x0041E9F9 in D:\C\sorting\quick_sort.exe: sorting()
#24 0x0041E9F9 in D:\C\sorting\quick_sort.exe: sorting()
#25 0x0041E9F9 in D:\C\sorting\quick_sort.exe: sorting()
#26 0x0041E9F9 in D:\C\sorting\quick_sort.exe: sorting()
#27 0x0041E9F9 in D:\C\sorting\quick_sort.exe: sorting()
#28 0x0041E9F9 in D:\C\sorting\quick_sort.exe: sorting()
#29 0x0041E9F9 in D:\C\sorting\quick_sort.exe: sorting()
#30 0x0041E9F9 in D:\C\sorting\quick_sort.exe: sorting()
#31 0x0041E9F9 in D:\C\sorting\quick_sort.exe: sorting()
#32 0x0041E9F9 in D:\C\sorting\quick_sort.exe: sorting()
#33 0x0041E9F9 in D:\C\sorting\quick_sort.exe: sorting()
#34 0x0041E9F9 in D:\C\sorting\quick_sort.exe: sorting()
#35 0x0041E9F9 in D:\C\sorting\quick_sort.exe: sorting()
#36 0x0041E9F9 in D:\C\sorting\quick_sort.exe: sorting()
#37 0x0041E9F9 in D:\C\sorting\quick_sort.exe: sorting()
#38 0x0041E9F9 in D:\C\sorting\quick_sort.exe: sorting()
#39 0x0041E9F9 in D:\C\sorting\quick_sort.exe: sorting()
#40 0x0041E9F9 in D:\C\sorting\quick_sort.exe: sorting()
#41 0x0041E9F9 in D:\C\sorting\quick_sort.exe: sorting()
#42 0x0041E9F9 in D:\C\sorting\quick_sort.exe: sorting()
#43 0x0041E9F9 in D:\C\sorting\quick_sort.exe: sorting()
#44 0x0041E9F9 in D:\C\sorting\quick_sort.exe: sorting()
#45 0x0041E9F9 in D:\C\sorting\quick_sort.exe: sorting()
#46 0x0041E9F9 in D:\C\sorting\quick_sort.exe: sorting()
#47 0x0041E9F9 in D:\C\sorting\quick_sort.exe: sorting()
#48 0x0041E9F9 in D:\C\sorting\quick_sort.exe: sorting()
#49 0x0041E9F9 in D:\C\sorting\quick_sort.exe: sorting()
#50 0x0041E9F9 in D:\C\sorting\quick_sort.exe: sorting()
#51 0x0041E9F9 in D:\C\sorting\quick_sort.exe: sorting()
#52 0x0041E9F9 in D:\C\sorting\quick_sort.exe: sorting()
#53 0x0041E9F9 in D:\C\sorting\quick_sort.exe: sorting()
#54 0x0041E9F9 in D:\C\sorting\quick_sort.exe: sorting()
#55 0x0041E9F9 in D:\C\sorting\quick_sort.exe: sorting()
#56 0x0041E9F9 in D:\C\sorting\quick_sort.exe: sorting()
#57 0x0041E9F9 in D:\C\sorting\quick_sort.exe: sorting()
#58 0x0041E9F9 in D:\C\sorting\quick_sort.exe: sorting()
#59 0x0041E9F9 in D:\C\sorting\quick_sort.exe: sorting()
#60 0x0041E9F9 in D:\C\sorting\quick_sort.exe: sorting()
#61 0x0041E9F9 in D:\C\sorting\quick_sort.exe: sorting()

TXLib печалится: Нет информации об исходных файлах. Вы не забыли опцию -g при компиляции?

--------------------------------------------------
Developed with:

The Dumb Artist Library (TX Library)
TXLib [Ver: 00173a, Rev: 175, Date: 2025-12-31 23:02:50 +0400]
Copyright (C) Ded (Ilya Dedinsky, http://txlib.ru) <mail@txlib.ru>
See license on: http://txlib.ru

TXLib file:	c:\users\user\codeblocks\mingw\include\txlib.h
Compiled:	Sep 11 2026 23:05:47, GNU g++ 4.8.1, std=201103L, MinGW Runtime 3.20, 32-bit, Debug
Started:	Sep 11 2026 23:05:50

Run file:	D:\C\sorting\quick_sort.exe
Directory:	D:\C\sorting

--------------------------------------------------

--------------------------------------------------
TXLib соболезнует...

Программа: D:\C\sorting\quick_sort.exe,

ВНЕЗАПНО: Ю-ху! Переполнение стека!

#1: Исключение EXCEPTION_STACK_OVERFLOW (0xC00000FD) при выполнении кода по адресу 0x0041E90F в функции sorting() в модуле D:\C\sorting\quick_sort.exe. Спасибо _txUnhandledExceptionFilter(), что сообщил. Люблю его <3

С помощью функции _set_se_translator() вы можете сами обработать эту ошибку.

#2: TXLib [Ver: 00173a, Rev: 175, Date: 2025-12-31 23:02:50 +0400], Instance: 0x004F61DC (32-bit), Flags: Cmdre0, Thread: 0x27F8 (Main). 

--------------------------------------------------
Стек вызовов:

# 0 0x0041E90F in D:\C\sorting\quick_sort.exe: sorting()
# 1 0x0041E9F9 in D:\C\sorting\quick_sort.exe: sorting()
# 2 0x0041E9F9 in D:\C\sorting\quick_sort.exe: sorting()
# 3 0x0041E9F9 in D:\C\sorting\quick_sort.exe: sorting()
# 4 0x0041E9F9 in D:\C\sorting\quick_sort.exe: sorting()
# 5 0x0041E9F9 in D:\C\sorting\quick_sort.exe: sorting()
# 6 0x0041E9F9 in D:\C\sorting\quick_sort.exe: sorting()
# 7 0x0041E9F9 in D:\C\sorting\quick_sort.exe: sorting()
# 8 0x0041E9F9 in D:\C\sorting\quick_sort.exe: sorting()
# 9 0x0041E9F9 in D:\C\sorting\quick_sort.exe: sorting()
#10 0x0041E9F9 in D:\C\sorting\quick_sort.exe: sorting()
#11 0x0041E9F9 in D:\C\sorting\quick_sort.exe: sorting()
#12 0x0041E9F9 in D:\C\sorting\quick_sort.exe: sorting()
#13 0x0041E9F9 in D:\C\sorting\quick_sort.exe: sorting()
#14 0x0041E9F9 in D:\C\sorting\quick_sort.exe: sorting()
#15 0x0041E9F9 in D:\C\sorting\quick_sort.exe: sorting()
#16 0x0041E9F9 in D:\C\sorting\quick_sort.exe: sorting()
#17 0x0041E9F9 in D:\C\sorting\quick_sort.exe: sorting()
#18 0x0041E9F9 in D:\C\sorting\quick_sort.exe: sorting()
#19 0x0041E9F9 in D:\C\sorting\quick_sort.exe: sorting()
#20 0x0041E9F9 in D:\C\sorting\quick_sort.exe: sorting()
#21 0x0041E9F9 in D:\C\sorting\quick_sort.exe: sorting()
#22 0x0041E9F9 in D:\C\sorting\quick_sort.exe: sorting()
#23 0x0041E9F9 in D:\C\sorting\quick_sort.exe: sorting()
#24 0x0041E9F9 in D:\C\sorting\quick_sort.exe: sorting()
#25 0x0041E9F9 in D:\C\sorting\quick_sort.exe: sorting()
#26 0x0041E9F9 in D:\C\sorting\quick_sort.exe: sorting()
#27 0x0041E9F9 in D:\C\sorting\quick_sort.exe: sorting()
#28 0x0041E9F9 in D:\C\sorting\quick_sort.exe: sorting()
#29 0x0041E9F9 in D:\C\sorting\quick_sort.exe: sorting()
#30 0x0041E9F9 in D:\C\sorting\quick_sort.exe: sorting()
#31 0x0041E9F9 in D:\C\sorting\quick_sort.exe: sorting()
#32 0x0041E9F9 in D:\C\sorting\quick_sort.exe: sorting()
#33 0x0041E9F9 in D:\C\sorting\quick_sort.exe: sorting()
#34 0x0041E9F9 in D:\C\sorting\quick_sort.exe: sorting()
#35 0x0041E9F9 in D:\C\sorting\quick_sort.exe: sorting()
#36 0x0041E9F9 in D:\C\sorting\quick_sort.exe: sorting()
#37 0x0041E9F9 in D:\C\sorting\quick_sort.exe: sorting()
#38 0x0041E9F9 in D:\C\sorting\quick_sort.exe: sorting()
#39 0x0041E9F9 in D:\C\sorting\quick_sort.exe: sorting()
#40 0x0041E9F9 in D:\C\sorting\quick_sort.exe: sorting()
#41 0x0041E9F9 in D:\C\sorting\quick_sort.exe: sorting()
#42 0x0041E9F9 in D:\C\sorting\quick_sort.exe: sorting()
#43 0x0041E9F9 in D:\C\sorting\quick_sort.exe: sorting()
#44 0x0041E9F9 in D:\C\sorting\quick_sort.exe: sorting()
#45 0x0041E9F9 in D:\C\sorting\quick_sort.exe: sorting()
#46 0x0041E9F9 in D:\C\sorting\quick_sort.exe: sorting()
#47 0x0041E9F9 in D:\C\sorting\quick_sort.exe: sorting()
#48 0x0041E9F9 in D:\C\sorting\quick_sort.exe: sorting()
#49 0x0041E9F9 in D:\C\sorting\quick_sort.exe: sorting()
#50 0x0041E9F9 in D:\C\sorting\quick_sort.exe: sorting()
#51 0x0041E9F9 in D:\C\sorting\quick_sort.exe: sorting()
#52 0x0041E9F9 in D:\C\sorting\quick_sort.exe: sorting()
#53 0x0041E9F9 in D:\C\sorting\quick_sort.exe: sorting()
#54 0x0041E9F9 in D:\C\sorting\quick_sort.exe: sorting()
#55 0x0041E9F9 in D:\C\sorting\quick_sort.exe: sorting()
#56 0x0041E9F9 in D:\C\sorting\quick_sort.exe: sorting()
#57 0x0041E9F9 in D:\C\sorting\quick_sort.exe: sorting()
#58 0x0041E9F9 in D:\C\sorting\quick_sort.exe: sorting()
#59 0x0041E9F9 in D:\C\sorting\quick_sort.exe: sorting()
#60 0x0041E9F9 in D:\C\sorting\quick_sort.exe: sorting()
#61 0x0041E9F9 in D:\C\sorting\quick_sort.exe: sorting()

TXLib печалится: Нет информации об исходных файлах. Вы не забыли опцию -g при компиляции?

--------------------------------------------------
Developed with:

The Dumb Artist Library (TX Library)
TXLib [Ver: 00173a, Rev: 175, Date: 2025-12-31 23:02:50 +0400]
Copyright (C) Ded (Ilya Dedinsky, http://txlib.ru) <mail@txlib.ru>
See license on: http://txlib.ru

TXLib file:	c:\users\user\codeblocks\mingw\include\txlib.h
Compiled:	Sep 11 2026 23:05:47, GNU g++ 4.8.1, std=201103L, MinGW Runtime 3.20, 32-bit, Debug
Started:	Sep 11 2026 23:05:50

Run file:	D:\C\sorting\quick_sort.exe
Directory:	D:\C\sorting

--------------------------------------------------

--------------------------------------------------
TXLib предупреждает:

Программа: D:\C\sorting\quick_sort.exe,

ВНЕЗАПНО: Ю-ху! Переполнение стека!

#1: Исключение EXCEPTION_STACK_OVERFLOW (0xC00000FD) при выполнении кода по адресу 0x0041E90F в функции sorting() в модуле D:\C\sorting\quick_sort.exe. Спасибо _txUnhandledExceptionFilter(), что сообщил. Люблю его <3

#1: TXLib [Ver: 00173a, Rev: 175, Date: 2025-12-31 23:02:50 +0400], Instance: 0x004F61DC (32-bit), Flags: Cmdre0, Thread: 0x2B08 (Main). 

--------------------------------------------------
Стек вызовов:

# 0 0x0041E90F in D:\C\sorting\quick_sort.exe: sorting()
# 1 0x0041E9E4 in D:\C\sorting\quick_sort.exe: sorting()
# 2 0x0041E9E4 in D:\C\sorting\quick_sort.exe: sorting()
# 3 0x0041E9E4 in D:\C\sorting\quick_sort.exe: sorting()
# 4 0x0041E9E4 in D:\C\sorting\quick_sort.exe: sorting()
# 5 0x0041E9E4 in D:\C\sorting\quick_sort.exe: sorting()
# 6 0x0041E9E4 in D:\C\sorting\quick_sort.exe: sorting()
# 7 0x0041E9E4 in D:\C\sorting\quick_sort.exe: sorting()
# 8 0x0041E9E4 in D:\C\sorting\quick_sort.exe: sorting()
# 9 0x0041E9E4 in D:\C\sorting\quick_sort.exe: sorting()
#10 0x0041E9E4 in D:\C\sorting\quick_sort.exe: sorting()
#11 0x0041E9E4 in D:\C\sorting\quick_sort.exe: sorting()
#12 0x0041E9E4 in D:\C\sorting\quick_sort.exe: sorting()
#13 0x0041E9E4 in D:\C\sorting\quick_sort.exe: sorting()
#14 0x0041E9E4 in D:\C\sorting\quick_sort.exe: sorting()
#15 0x0041E9E4 in D:\C\sorting\quick_sort.exe: sorting()
#16 0x0041E9E4 in D:\C\sorting\quick_sort.exe: sorting()
#17 0x0041E9E4 in D:\C\sorting\quick_sort.exe: sorting()
#18 0x0041E9E4 in D:\C\sorting\quick_sort.exe: sorting()
#19 0x0041E9E4 in D:\C\sorting\quick_sort.exe: sorting()
#20 0x0041E9E4 in D:\C\sorting\quick_sort.exe: sorting()
#21 0x0041E9E4 in D:\C\sorting\quick_sort.exe: sorting()
#22 0x0041E9E4 in D:\C\sorting\quick_sort.exe: sorting()
#23 0x0041E9E4 in D:\C\sorting\quick_sort.exe: sorting()
#24 0x0041E9E4 in D:\C\sorting\quick_sort.exe: sorting()
#25 0x0041E9E4 in D:\C\sorting\quick_sort.exe: sorting()
#26 0x0041E9E4 in D:\C\sorting\quick_sort.exe: sorting()
#27 0x0041E9E4 in D:\C\sorting\quick_sort.exe: sorting()
#28 0x0041E9E4 in D:\C\sorting\quick_sort.exe: sorting()
#29 0x0041E9E4 in D:\C\sorting\quick_sort.exe: sorting()
#30 0x0041E9E4 in D:\C\sorting\quick_sort.exe: sorting()
#31 0x0041E9E4 in D:\C\sorting\quick_sort.exe: sorting()
#32 0x0041E9E4 in D:\C\sorting\quick_sort.exe: sorting()
#33 0x0041E9E4 in D:\C\sorting\quick_sort.exe: sorting()
#34 0x0041E9E4 in D:\C\sorting\quick_sort.exe: sorting()
#35 0x0041E9E4 in D:\C\sorting\quick_sort.exe: sorting()
#36 0x0041E9E4 in D:\C\sorting\quick_sort.exe: sorting()
#37 0x0041E9E4 in D:\C\sorting\quick_sort.exe: sorting()
#38 0x0041E9E4 in D:\C\sorting\quick_sort.exe: sorting()
#39 0x0041E9E4 in D:\C\sorting\quick_sort.exe: sorting()
#40 0x0041E9E4 in D:\C\sorting\quick_sort.exe: sorting()
#41 0x0041E9E4 in D:\C\sorting\quick_sort.exe: sorting()
#42 0x0041E9E4 in D:\C\sorting\quick_sort.exe: sorting()
#43 0x0041E9E4 in D:\C\sorting\quick_sort.exe: sorting()
#44 0x0041E9E4 in D:\C\sorting\quick_sort.exe: sorting()
#45 0x0041E9E4 in D:\C\sorting\quick_sort.exe: sorting()
#46 0x0041E9E4 in D:\C\sorting\quick_sort.exe: sorting()
#47 0x0041E9E4 in D:\C\sorting\quick_sort.exe: sorting()
#48 0x0041E9E4 in D:\C\sorting\quick_sort.exe: sorting()
#49 0x0041E9E4 in D:\C\sorting\quick_sort.exe: sorting()
#50 0x0041E9E4 in D:\C\sorting\quick_sort.exe: sorting()
#51 0x0041E9E4 in D:\C\sorting\quick_sort.exe: sorting()
#52 0x0041E9E4 in D:\C\sorting\quick_sort.exe: sorting()
#53 0x0041E9E4 in D:\C\sorting\quick_sort.exe: sorting()
#54 0x0041E9E4 in D:\C\sorting\quick_sort.exe: sorting()
#55 0x0041E9E4 in D:\C\sorting\quick_sort.exe: sorting()
#56 0x0041E9E4 in D:\C\sorting\quick_sort.exe: sorting()
#57 0x0041E9E4 in D:\C\sorting\quick_sort.exe: sorting()
#58 0x0041E9E4 in D:\C\sorting\quick_sort.exe: sorting()
#59 0x0041E9E4 in D:\C\sorting\quick_sort.exe: sorting()
#60 0x0041E9E4 in D:\C\sorting\quick_sort.exe: sorting()
#61 0x0041E9E4 in D:\C\sorting\quick_sort.exe: sorting()

TXLib печалится: Нет информации об исходных файлах. Вы не забыли опцию -g при компиляции?

--------------------------------------------------
Developed with:

The Dumb Artist Library (TX Library)
TXLib [Ver: 00173a, Rev: 175, Date: 2025-12-31 23:02:50 +0400]
Copyright (C) Ded (Ilya Dedinsky, http://txlib.ru) <mail@txlib.ru>
See license on: http://txlib.ru

TXLib file:	c:\users\user\codeblocks\mingw\include\txlib.h
Compiled:	Sep 13 2026 23:30:16, GNU g++ 4.8.1, std=201103L, MinGW Runtime 3.20, 32-bit, Debug
Started:	Sep 13 2026 23:30:22

Run file:	D:\C\sorting\quick_sort.exe
Directory:	D:\C\sorting

--------------------------------------------------

--------------------------------------------------
TXLib соболезнует...

Программа: D:\C\sorting\quick_sort.exe,

ВНЕЗАПНО: Ю-ху! Переполнение стека!

#1: Исключение EXCEPTION_STACK_OVERFLOW (0xC00000FD) при выполнении кода по адресу 0x0041E90F в функции sorting() в модуле D:\C\sorting\quick_sort.exe. Спасибо _txUnhandledExceptionFilter(), что сообщил. Люблю его <3

С помощью функции _set_se_translator() вы можете сами обработать эту ошибку.

#2: TXLib [Ver: 00173a, Rev: 175, Date: 2025-12-31 23:02:50 +0400], Instance: 0x004F61DC (32-bit), Flags: Cmdre0, Thread: 0x2B08 (Main). 

--------------------------------------------------
Стек вызовов:

# 0 0x0041E90F in D:\C\sorting\quick_sort.exe: sorting()
# 1 0x0041E9E4 in D:\C\sorting\quick_sort.exe: sorting()
# 2 0x0041E9E4 in D:\C\sorting\quick_sort.exe: sorting()
# 3 0x0041E9E4 in D:\C\sorting\quick_sort.exe: sorting()
# 4 0x0041E9E4 in D:\C\sorting\quick_sort.exe: sorting()
# 5 0x0041E9E4 in D:\C\sorting\quick_sort.exe: sorting()
# 6 0x0041E9E4 in D:\C\sorting\quick_sort.exe: sorting()
# 7 0x0041E9E4 in D:\C\sorting\quick_sort.exe: sorting()
# 8 0x0041E9E4 in D:\C\sorting\quick_sort.exe: sorting()
# 9 0x0041E9E4 in D:\C\sorting\quick_sort.exe: sorting()
#10 0x0041E9E4 in D:\C\sorting\quick_sort.exe: sorting()
#11 0x0041E9E4 in D:\C\sorting\quick_sort.exe: sorting()
#12 0x0041E9E4 in D:\C\sorting\quick_sort.exe: sorting()
#13 0x0041E9E4 in D:\C\sorting\quick_sort.exe: sorting()
#14 0x0041E9E4 in D:\C\sorting\quick_sort.exe: sorting()
#15 0x0041E9E4 in D:\C\sorting\quick_sort.exe: sorting()
#16 0x0041E9E4 in D:\C\sorting\quick_sort.exe: sorting()
#17 0x0041E9E4 in D:\C\sorting\quick_sort.exe: sorting()
#18 0x0041E9E4 in D:\C\sorting\quick_sort.exe: sorting()
#19 0x0041E9E4 in D:\C\sorting\quick_sort.exe: sorting()
#20 0x0041E9E4 in D:\C\sorting\quick_sort.exe: sorting()
#21 0x0041E9E4 in D:\C\sorting\quick_sort.exe: sorting()
#22 0x0041E9E4 in D:\C\sorting\quick_sort.exe: sorting()
#23 0x0041E9E4 in D:\C\sorting\quick_sort.exe: sorting()
#24 0x0041E9E4 in D:\C\sorting\quick_sort.exe: sorting()
#25 0x0041E9E4 in D:\C\sorting\quick_sort.exe: sorting()
#26 0x0041E9E4 in D:\C\sorting\quick_sort.exe: sorting()
#27 0x0041E9E4 in D:\C\sorting\quick_sort.exe: sorting()
#28 0x0041E9E4 in D:\C\sorting\quick_sort.exe: sorting()
#29 0x0041E9E4 in D:\C\sorting\quick_sort.exe: sorting()
#30 0x0041E9E4 in D:\C\sorting\quick_sort.exe: sorting()
#31 0x0041E9E4 in D:\C\sorting\quick_sort.exe: sorting()
#32 0x0041E9E4 in D:\C\sorting\quick_sort.exe: sorting()
#33 0x0041E9E4 in D:\C\sorting\quick_sort.exe: sorting()
#34 0x0041E9E4 in D:\C\sorting\quick_sort.exe: sorting()
#35 0x0041E9E4 in D:\C\sorting\quick_sort.exe: sorting()
#36 0x0041E9E4 in D:\C\sorting\quick_sort.exe: sorting()
#37 0x0041E9E4 in D:\C\sorting\quick_sort.exe: sorting()
#38 0x0041E9E4 in D:\C\sorting\quick_sort.exe: sorting()
#39 0x0041E9E4 in D:\C\sorting\quick_sort.exe: sorting()
#40 0x0041E9E4 in D:\C\sorting\quick_sort.exe: sorting()
#41 0x0041E9E4 in D:\C\sorting\quick_sort.exe: sorting()
#42 0x0041E9E4 in D:\C\sorting\quick_sort.exe: sorting()
#43 0x0041E9E4 in D:\C\sorting\quick_sort.exe: sorting()
#44 0x0041E9E4 in D:\C\sorting\quick_sort.exe: sorting()
#45 0x0041E9E4 in D:\C\sorting\quick_sort.exe: sorting()
#46 0x0041E9E4 in D:\C\sorting\quick_sort.exe: sorting()
#47 0x0041E9E4 in D:\C\sorting\quick_sort.exe: sorting()
#48 0x0041E9E4 in D:\C\sorting\quick_sort.exe: sorting()
#49 0x0041E9E4 in D:\C\sorting\quick_sort.exe: sorting()
#50 0x0041E9E4 in D:\C\sorting\quick_sort.exe: sorting()
#51 0x0041E9E4 in D:\C\sorting\quick_sort.exe: sorting()
#52 0x0041E9E4 in D:\C\sorting\quick_sort.exe: sorting()
#53 0x0041E9E4 in D:\C\sorting\quick_sort.exe: sorting()
#54 0x0041E9E4 in D:\C\sorting\quick_sort.exe: sorting()
#55 0x0041E9E4 in D:\C\sorting\quick_sort.exe: sorting()
#56 0x0041E9E4 in D:\C\sorting\quick_sort.exe: sorting()
#57 0x0041E9E4 in D:\C\sorting\quick_sort.exe: sorting()
#58 0x0041E9E4 in D:\C\sorting\quick_sort.exe: sorting()
#59 0x0041E9E4 in D:\C\sorting\quick_sort.exe: sorting()
#60 0x0041E9E4 in D:\C\sorting\quick_sort.exe: sorting()
#61 0x0041E9E4 in D:\C\sorting\quick_sort.exe: sorting()

TXLib печалится: Нет информации об исходных файлах. Вы не забыли опцию -g при компиляции?

--------------------------------------------------
Developed with:

The Dumb Artist Library (TX Library)
TXLib [Ver: 00173a, Rev: 175, Date: 2025-12-31 23:02:50 +0400]
Copyright (C) Ded (Ilya Dedinsky, http://txlib.ru) <mail@txlib.ru>
See license on: http://txlib.ru

TXLib file:	c:\users\user\codeblocks\mingw\include\txlib.h
Compiled:	Sep 13 2026 23:30:16, GNU g++ 4.8.1, std=201103L, MinGW Runtime 3.20, 32-bit, Debug
Started:	Sep 13 2026 23:30:22

Run file:	D:\C\sorting\quick_sort.exe
Directory:	D:\C\sorting

--------------------------------------------------

--------------------------------------------------
TXLib предупреждает:

Программа: D:\C\sorting\quick_sort.exe,

ВНЕЗАПНО: Ю-ху! Переполнение стека!

#1: Исключение EXCEPTION_STACK_OVERFLOW (0xC00000FD) при выполнении кода по адресу 0x0041E90F в функции sorting() в модуле D:\C\sorting\quick_sort.exe. Спасибо _txUnhandledExceptionFilter(), что сообщил. Люблю его <3

#1: TXLib [Ver: 00173a, Rev: 175, Date: 2025-12-31 23:02:50 +0400], Instance: 0x004F61DC (32-bit), Flags: Cmdre0, Thread: 0xB18 (Main). 

--------------------------------------------------
Стек вызовов:

# 0 0x0041E90F in D:\C\sorting\quick_sort.exe: sorting()
# 1 0x0041E9EE in D:\C\sorting\quick_sort.exe: sorting()
# 2 0x0041E9EE in D:\C\sorting\quick_sort.exe: sorting()
# 3 0x0041E9EE in D:\C\sorting\quick_sort.exe: sorting()
# 4 0x0041E9EE in D:\C\sorting\quick_sort.exe: sorting()
# 5 0x0041E9EE in D:\C\sorting\quick_sort.exe: sorting()
# 6 0x0041E9EE in D:\C\sorting\quick_sort.exe: sorting()
# 7 0x0041E9EE in D:\C\sorting\quick_sort.exe: sorting()
# 8 0x0041E9EE in D:\C\sorting\quick_sort.exe: sorting()
# 9 0x0041E9EE in D:\C\sorting\quick_sort.exe: sorting()
#10 0x0041E9EE in D:\C\sorting\quick_sort.exe: sorting()
#11 0x0041E9EE in D:\C\sorting\quick_sort.exe: sorting()
#12 0x0041E9EE in D:\C\sorting\quick_sort.exe: sorting()
#13 0x0041E9EE in D:\C\sorting\quick_sort.exe: sorting()
#14 0x0041E9EE in D:\C\sorting\quick_sort.exe: sorting()
#15 0x0041E9EE in D:\C\sorting\quick_sort.exe: sorting()
#16 0x0041E9EE in D:\C\sorting\quick_sort.exe: sorting()
#17 0x0041E9EE in D:\C\sorting\quick_sort.exe: sorting()
#18 0x0041E9EE in D:\C\sorting\quick_sort.exe: sorting()
#19 0x0041E9EE in D:\C\sorting\quick_sort.exe: sorting()
#20 0x0041E9EE in D:\C\sorting\quick_sort.exe: sorting()
#21 0x0041E9EE in D:\C\sorting\quick_sort.exe: sorting()
#22 0x0041E9EE in D:\C\sorting\quick_sort.exe: sorting()
#23 0x0041E9EE in D:\C\sorting\quick_sort.exe: sorting()
#24 0x0041E9EE in D:\C\sorting\quick_sort.exe: sorting()
#25 0x0041E9EE in D:\C\sorting\quick_sort.exe: sorting()
#26 0x0041E9EE in D:\C\sorting\quick_sort.exe: sorting()
#27 0x0041E9EE in D:\C\sorting\quick_sort.exe: sorting()
#28 0x0041E9EE in D:\C\sorting\quick_sort.exe: sorting()
#29 0x0041E9EE in D:\C\sorting\quick_sort.exe: sorting()
#30 0x0041E9EE in D:\C\sorting\quick_sort.exe: sorting()
#31 0x0041E9EE in D:\C\sorting\quick_sort.exe: sorting()
#32 0x0041E9EE in D:\C\sorting\quick_sort.exe: sorting()
#33 0x0041E9EE in D:\C\sorting\quick_sort.exe: sorting()
#34 0x0041E9EE in D:\C\sorting\quick_sort.exe: sorting()
#35 0x0041E9EE in D:\C\sorting\quick_sort.exe: sorting()
#36 0x0041E9EE in D:\C\sorting\quick_sort.exe: sorting()
#37 0x0041E9EE in D:\C\sorting\quick_sort.exe: sorting()
#38 0x0041E9EE in D:\C\sorting\quick_sort.exe: sorting()
#39 0x0041E9EE in D:\C\sorting\quick_sort.exe: sorting()
#40 0x0041E9EE in D:\C\sorting\quick_sort.exe: sorting()
#41 0x0041E9EE in D:\C\sorting\quick_sort.exe: sorting()
#42 0x0041E9EE in D:\C\sorting\quick_sort.exe: sorting()
#43 0x0041E9EE in D:\C\sorting\quick_sort.exe: sorting()
#44 0x0041E9EE in D:\C\sorting\quick_sort.exe: sorting()
#45 0x0041E9EE in D:\C\sorting\quick_sort.exe: sorting()
#46 0x0041E9EE in D:\C\sorting\quick_sort.exe: sorting()
#47 0x0041E9EE in D:\C\sorting\quick_sort.exe: sorting()
#48 0x0041E9EE in D:\C\sorting\quick_sort.exe: sorting()
#49 0x0041E9EE in D:\C\sorting\quick_sort.exe: sorting()
#50 0x0041E9EE in D:\C\sorting\quick_sort.exe: sorting()
#51 0x0041E9EE in D:\C\sorting\quick_sort.exe: sorting()
#52 0x0041E9EE in D:\C\sorting\quick_sort.exe: sorting()
#53 0x0041E9EE in D:\C\sorting\quick_sort.exe: sorting()
#54 0x0041E9EE in D:\C\sorting\quick_sort.exe: sorting()
#55 0x0041E9EE in D:\C\sorting\quick_sort.exe: sorting()
#56 0x0041E9EE in D:\C\sorting\quick_sort.exe: sorting()
#57 0x0041E9EE in D:\C\sorting\quick_sort.exe: sorting()
#58 0x0041E9EE in D:\C\sorting\quick_sort.exe: sorting()
#59 0x0041E9EE in D:\C\sorting\quick_sort.exe: sorting()
#60 0x0041E9EE in D:\C\sorting\quick_sort.exe: sorting()
#61 0x0041E9EE in D:\C\sorting\quick_sort.exe: sorting()

TXLib печалится: Нет информации об исходных файлах. Вы не забыли опцию -g при компиляции?

--------------------------------------------------
Developed with:

The Dumb Artist Library (TX Library)
TXLib [Ver: 00173a, Rev: 175, Date: 2025-12-31 23:02:50 +0400]
Copyright (C) Ded (Ilya Dedinsky, http://txlib.ru) <mail@txlib.ru>
See license on: http://txlib.ru

TXLib file:	c:\users\user\codeblocks\mingw\include\txlib.h
Compiled:	Sep 13 2026 23:34:03, GNU g++ 4.8.1, std=201103L, MinGW Runtime 3.20, 32-bit, Debug
Started:	Sep 13 2026 23:34:06

Run file:	D:\C\sorting\quick_sort.exe
Directory:	D:\C\sorting

--------------------------------------------------

--------------------------------------------------
TXLib соболезнует...

Программа: D:\C\sorting\quick_sort.exe,

ВНЕЗАПНО: Ю-ху! Переполнение стека!

#1: Исключение EXCEPTION_STACK_OVERFLOW (0xC00000FD) при выполнении кода по адресу 0x0041E90F в функции sorting() в модуле D:\C\sorting\quick_sort.exe. Спасибо _txUnhandledExceptionFilter(), что сообщил. Люблю его <3

С помощью функции _set_se_translator() вы можете сами обработать эту ошибку.

#2: TXLib [Ver: 00173a, Rev: 175, Date: 2025-12-31 23:02:50 +0400], Instance: 0x004F61DC (32-bit), Flags: Cmdre0, Thread: 0xB18 (Main). 

--------------------------------------------------
Стек вызовов:

# 0 0x0041E90F in D:\C\sorting\quick_sort.exe: sorting()
# 1 0x0041E9EE in D:\C\sorting\quick_sort.exe: sorting()
# 2 0x0041E9EE in D:\C\sorting\quick_sort.exe: sorting()
# 3 0x0041E9EE in D:\C\sorting\quick_sort.exe: sorting()
# 4 0x0041E9EE in D:\C\sorting\quick_sort.exe: sorting()
# 5 0x0041E9EE in D:\C\sorting\quick_sort.exe: sorting()
# 6 0x0041E9EE in D:\C\sorting\quick_sort.exe: sorting()
# 7 0x0041E9EE in D:\C\sorting\quick_sort.exe: sorting()
# 8 0x0041E9EE in D:\C\sorting\quick_sort.exe: sorting()
# 9 0x0041E9EE in D:\C\sorting\quick_sort.exe: sorting()
#10 0x0041E9EE in D:\C\sorting\quick_sort.exe: sorting()
#11 0x0041E9EE in D:\C\sorting\quick_sort.exe: sorting()
#12 0x0041E9EE in D:\C\sorting\quick_sort.exe: sorting()
#13 0x0041E9EE in D:\C\sorting\quick_sort.exe: sorting()
#14 0x0041E9EE in D:\C\sorting\quick_sort.exe: sorting()
#15 0x0041E9EE in D:\C\sorting\quick_sort.exe: sorting()
#16 0x0041E9EE in D:\C\sorting\quick_sort.exe: sorting()
#17 0x0041E9EE in D:\C\sorting\quick_sort.exe: sorting()
#18 0x0041E9EE in D:\C\sorting\quick_sort.exe: sorting()
#19 0x0041E9EE in D:\C\sorting\quick_sort.exe: sorting()
#20 0x0041E9EE in D:\C\sorting\quick_sort.exe: sorting()
#21 0x0041E9EE in D:\C\sorting\quick_sort.exe: sorting()
#22 0x0041E9EE in D:\C\sorting\quick_sort.exe: sorting()
#23 0x0041E9EE in D:\C\sorting\quick_sort.exe: sorting()
#24 0x0041E9EE in D:\C\sorting\quick_sort.exe: sorting()
#25 0x0041E9EE in D:\C\sorting\quick_sort.exe: sorting()
#26 0x0041E9EE in D:\C\sorting\quick_sort.exe: sorting()
#27 0x0041E9EE in D:\C\sorting\quick_sort.exe: sorting()
#28 0x0041E9EE in D:\C\sorting\quick_sort.exe: sorting()
#29 0x0041E9EE in D:\C\sorting\quick_sort.exe: sorting()
#30 0x0041E9EE in D:\C\sorting\quick_sort.exe: sorting()
#31 0x0041E9EE in D:\C\sorting\quick_sort.exe: sorting()
#32 0x0041E9EE in D:\C\sorting\quick_sort.exe: sorting()
#33 0x0041E9EE in D:\C\sorting\quick_sort.exe: sorting()
#34 0x0041E9EE in D:\C\sorting\quick_sort.exe: sorting()
#35 0x0041E9EE in D:\C\sorting\quick_sort.exe: sorting()
#36 0x0041E9EE in D:\C\sorting\quick_sort.exe: sorting()
#37 0x0041E9EE in D:\C\sorting\quick_sort.exe: sorting()
#38 0x0041E9EE in D:\C\sorting\quick_sort.exe: sorting()
#39 0x0041E9EE in D:\C\sorting\quick_sort.exe: sorting()
#40 0x0041E9EE in D:\C\sorting\quick_sort.exe: sorting()
#41 0x0041E9EE in D:\C\sorting\quick_sort.exe: sorting()
#42 0x0041E9EE in D:\C\sorting\quick_sort.exe: sorting()
#43 0x0041E9EE in D:\C\sorting\quick_sort.exe: sorting()
#44 0x0041E9EE in D:\C\sorting\quick_sort.exe: sorting()
#45 0x0041E9EE in D:\C\sorting\quick_sort.exe: sorting()
#46 0x0041E9EE in D:\C\sorting\quick_sort.exe: sorting()
#47 0x0041E9EE in D:\C\sorting\quick_sort.exe: sorting()
#48 0x0041E9EE in D:\C\sorting\quick_sort.exe: sorting()
#49 0x0041E9EE in D:\C\sorting\quick_sort.exe: sorting()
#50 0x0041E9EE in D:\C\sorting\quick_sort.exe: sorting()
#51 0x0041E9EE in D:\C\sorting\quick_sort.exe: sorting()
#52 0x0041E9EE in D:\C\sorting\quick_sort.exe: sorting()
#53 0x0041E9EE in D:\C\sorting\quick_sort.exe: sorting()
#54 0x0041E9EE in D:\C\sorting\quick_sort.exe: sorting()
#55 0x0041E9EE in D:\C\sorting\quick_sort.exe: sorting()
#56 0x0041E9EE in D:\C\sorting\quick_sort.exe: sorting()
#57 0x0041E9EE in D:\C\sorting\quick_sort.exe: sorting()
#58 0x0041E9EE in D:\C\sorting\quick_sort.exe: sorting()
#59 0x0041E9EE in D:\C\sorting\quick_sort.exe: sorting()
#60 0x0041E9EE in D:\C\sorting\quick_sort.exe: sorting()
#61 0x0041E9EE in D:\C\sorting\quick_sort.exe: sorting()

TXLib печалится: Нет информации об исходных файлах. Вы не забыли опцию -g при компиляции?

--------------------------------------------------
Developed with:

The Dumb Artist Library (TX Library)
TXLib [Ver: 00173a, Rev: 175, Date: 2025-12-31 23:02:50 +0400]
Copyright (C) Ded (Ilya Dedinsky, http://txlib.ru) <mail@txlib.ru>
See license on: http://txlib.ru

TXLib file:	c:\users\user\codeblocks\mingw\include\txlib.h
Compiled:	Sep 13 2026 23:34:03, GNU g++ 4.8.1, std=201103L, MinGW Runtime 3.20, 32-bit, Debug
Started:	Sep 13 2026 23:34:07

Run file:	D:\C\sorting\quick_sort.exe
Directory:	D:\C\sorting

--------------------------------------------------

--------------------------------------------------
TXLib предупреждает:

Программа: D:\C\sorting\quick_sort.exe,

ВНЕЗАПНО: Ю-ху! Переполнение стека!

#1: Исключение EXCEPTION_STACK_OVERFLOW (0xC00000FD) при выполнении кода по адресу 0x0041E90F в функции sorting() в модуле D:\C\sorting\quick_sort.exe. Спасибо _txUnhandledExceptionFilter(), что сообщил. Люблю его <3

#1: TXLib [Ver: 00173a, Rev: 175, Date: 2025-12-31 23:02:50 +0400], Instance: 0x004F61DC (32-bit), Flags: Cmdre0, Thread: 0x333C (Main). 

--------------------------------------------------
Стек вызовов:

# 0 0x0041E90F in D:\C\sorting\quick_sort.exe: sorting()
# 1 0x0041E9EE in D:\C\sorting\quick_sort.exe: sorting()
# 2 0x0041E9EE in D:\C\sorting\quick_sort.exe: sorting()
# 3 0x0041E9EE in D:\C\sorting\quick_sort.exe: sorting()
# 4 0x0041E9EE in D:\C\sorting\quick_sort.exe: sorting()
# 5 0x0041E9EE in D:\C\sorting\quick_sort.exe: sorting()
# 6 0x0041E9EE in D:\C\sorting\quick_sort.exe: sorting()
# 7 0x0041E9EE in D:\C\sorting\quick_sort.exe: sorting()
# 8 0x0041E9EE in D:\C\sorting\quick_sort.exe: sorting()
# 9 0x0041E9EE in D:\C\sorting\quick_sort.exe: sorting()
#10 0x0041E9EE in D:\C\sorting\quick_sort.exe: sorting()
#11 0x0041E9EE in D:\C\sorting\quick_sort.exe: sorting()
#12 0x0041E9EE in D:\C\sorting\quick_sort.exe: sorting()
#13 0x0041E9EE in D:\C\sorting\quick_sort.exe: sorting()
#14 0x0041E9EE in D:\C\sorting\quick_sort.exe: sorting()
#15 0x0041E9EE in D:\C\sorting\quick_sort.exe: sorting()
#16 0x0041E9EE in D:\C\sorting\quick_sort.exe: sorting()
#17 0x0041E9EE in D:\C\sorting\quick_sort.exe: sorting()
#18 0x0041E9EE in D:\C\sorting\quick_sort.exe: sorting()
#19 0x0041E9EE in D:\C\sorting\quick_sort.exe: sorting()
#20 0x0041E9EE in D:\C\sorting\quick_sort.exe: sorting()
#21 0x0041E9EE in D:\C\sorting\quick_sort.exe: sorting()
#22 0x0041E9EE in D:\C\sorting\quick_sort.exe: sorting()
#23 0x0041E9EE in D:\C\sorting\quick_sort.exe: sorting()
#24 0x0041E9EE in D:\C\sorting\quick_sort.exe: sorting()
#25 0x0041E9EE in D:\C\sorting\quick_sort.exe: sorting()
#26 0x0041E9EE in D:\C\sorting\quick_sort.exe: sorting()
#27 0x0041E9EE in D:\C\sorting\quick_sort.exe: sorting()
#28 0x0041E9EE in D:\C\sorting\quick_sort.exe: sorting()
#29 0x0041E9EE in D:\C\sorting\quick_sort.exe: sorting()
#30 0x0041E9EE in D:\C\sorting\quick_sort.exe: sorting()
#31 0x0041E9EE in D:\C\sorting\quick_sort.exe: sorting()
#32 0x0041E9EE in D:\C\sorting\quick_sort.exe: sorting()
#33 0x0041E9EE in D:\C\sorting\quick_sort.exe: sorting()
#34 0x0041E9EE in D:\C\sorting\quick_sort.exe: sorting()
#35 0x0041E9EE in D:\C\sorting\quick_sort.exe: sorting()
#36 0x0041E9EE in D:\C\sorting\quick_sort.exe: sorting()
#37 0x0041E9EE in D:\C\sorting\quick_sort.exe: sorting()
#38 0x0041E9EE in D:\C\sorting\quick_sort.exe: sorting()
#39 0x0041E9EE in D:\C\sorting\quick_sort.exe: sorting()
#40 0x0041E9EE in D:\C\sorting\quick_sort.exe: sorting()
#41 0x0041E9EE in D:\C\sorting\quick_sort.exe: sorting()
#42 0x0041E9EE in D:\C\sorting\quick_sort.exe: sorting()
#43 0x0041E9EE in D:\C\sorting\quick_sort.exe: sorting()
#44 0x0041E9EE in D:\C\sorting\quick_sort.exe: sorting()
#45 0x0041E9EE in D:\C\sorting\quick_sort.exe: sorting()
#46 0x0041E9EE in D:\C\sorting\quick_sort.exe: sorting()
#47 0x0041E9EE in D:\C\sorting\quick_sort.exe: sorting()
#48 0x0041E9EE in D:\C\sorting\quick_sort.exe: sorting()
#49 0x0041E9EE in D:\C\sorting\quick_sort.exe: sorting()
#50 0x0041E9EE in D:\C\sorting\quick_sort.exe: sorting()
#51 0x0041E9EE in D:\C\sorting\quick_sort.exe: sorting()
#52 0x0041E9EE in D:\C\sorting\quick_sort.exe: sorting()
#53 0x0041E9EE in D:\C\sorting\quick_sort.exe: sorting()
#54 0x0041E9EE in D:\C\sorting\quick_sort.exe: sorting()
#55 0x0041E9EE in D:\C\sorting\quick_sort.exe: sorting()
#56 0x0041E9EE in D:\C\sorting\quick_sort.exe: sorting()
#57 0x0041E9EE in D:\C\sorting\quick_sort.exe: sorting()
#58 0x0041E9EE in D:\C\sorting\quick_sort.exe: sorting()
#59 0x0041E9EE in D:\C\sorting\quick_sort.exe: sorting()
#60 0x0041E9EE in D:\C\sorting\quick_sort.exe: sorting()
#61 0x0041E9EE in D:\C\sorting\quick_sort.exe: sorting()

TXLib печалится: Нет информации об исходных файлах. Вы не забыли опцию -g при компиляции?

--------------------------------------------------
Developed with:

The Dumb Artist Library (TX Library)
TXLib [Ver: 00173a, Rev: 175, Date: 2025-12-31 23:02:50 +0400]
Copyright (C) Ded (Ilya Dedinsky, http://txlib.ru) <mail@txlib.ru>
See license on: http://txlib.ru

TXLib file:	c:\users\user\codeblocks\mingw\include\txlib.h
Compiled:	Sep 13 2026 23:34:03, GNU g++ 4.8.1, std=201103L, MinGW Runtime 3.20, 32-bit, Debug
Started:	Sep 13 2026 23:34:15

Run file:	D:\C\sorting\quick_sort.exe
Directory:	D:\C\sorting

--------------------------------------------------

--------------------------------------------------
TXLib соболезнует...

Программа: D:\C\sorting\quick_sort.exe,

ВНЕЗАПНО: Ю-ху! Переполнение стека!

#1: Исключение EXCEPTION_STACK_OVERFLOW (0xC00000FD) при выполнении кода по адресу 0x0041E90F в функции sorting() в модуле D:\C\sorting\quick_sort.exe. Спасибо _txUnhandledExceptionFilter(), что сообщил. Люблю его <3

С помощью функции _set_se_translator() вы можете сами обработать эту ошибку.

#2: TXLib [Ver: 00173a, Rev: 175, Date: 2025-12-31 23:02:50 +0400], Instance: 0x004F61DC (32-bit), Flags: Cmdre0, Thread: 0x333C (Main). 

--------------------------------------------------
Стек вызовов:

# 0 0x0041E90F in D:\C\sorting\quick_sort.exe: sorting()
# 1 0x0041E9EE in D:\C\sorting\quick_sort.exe: sorting()
# 2 0x0041E9EE in D:\C\sorting\quick_sort.exe: sorting()
# 3 0x0041E9EE in D:\C\sorting\quick_sort.exe: sorting()
# 4 0x0041E9EE in D:\C\sorting\quick_sort.exe: sorting()
# 5 0x0041E9EE in D:\C\sorting\quick_sort.exe: sorting()
# 6 0x0041E9EE in D:\C\sorting\quick_sort.exe: sorting()
# 7 0x0041E9EE in D:\C\sorting\quick_sort.exe: sorting()
# 8 0x0041E9EE in D:\C\sorting\quick_sort.exe: sorting()
# 9 0x0041E9EE in D:\C\sorting\quick_sort.exe: sorting()
#10 0x0041E9EE in D:\C\sorting\quick_sort.exe: sorting()
#11 0x0041E9EE in D:\C\sorting\quick_sort.exe: sorting()
#12 0x0041E9EE in D:\C\sorting\quick_sort.exe: sorting()
#13 0x0041E9EE in D:\C\sorting\quick_sort.exe: sorting()
#14 0x0041E9EE in D:\C\sorting\quick_sort.exe: sorting()
#15 0x0041E9EE in D:\C\sorting\quick_sort.exe: sorting()
#16 0x0041E9EE in D:\C\sorting\quick_sort.exe: sorting()
#17 0x0041E9EE in D:\C\sorting\quick_sort.exe: sorting()
#18 0x0041E9EE in D:\C\sorting\quick_sort.exe: sorting()
#19 0x0041E9EE in D:\C\sorting\quick_sort.exe: sorting()
#20 0x0041E9EE in D:\C\sorting\quick_sort.exe: sorting()
#21 0x0041E9EE in D:\C\sorting\quick_sort.exe: sorting()
#22 0x0041E9EE in D:\C\sorting\quick_sort.exe: sorting()
#23 0x0041E9EE in D:\C\sorting\quick_sort.exe: sorting()
#24 0x0041E9EE in D:\C\sorting\quick_sort.exe: sorting()
#25 0x0041E9EE in D:\C\sorting\quick_sort.exe: sorting()
#26 0x0041E9EE in D:\C\sorting\quick_sort.exe: sorting()
#27 0x0041E9EE in D:\C\sorting\quick_sort.exe: sorting()
#28 0x0041E9EE in D:\C\sorting\quick_sort.exe: sorting()
#29 0x0041E9EE in D:\C\sorting\quick_sort.exe: sorting()
#30 0x0041E9EE in D:\C\sorting\quick_sort.exe: sorting()
#31 0x0041E9EE in D:\C\sorting\quick_sort.exe: sorting()
#32 0x0041E9EE in D:\C\sorting\quick_sort.exe: sorting()
#33 0x0041E9EE in D:\C\sorting\quick_sort.exe: sorting()
#34 0x0041E9EE in D:\C\sorting\quick_sort.exe: sorting()
#35 0x0041E9EE in D:\C\sorting\quick_sort.exe: sorting()
#36 0x0041E9EE in D:\C\sorting\quick_sort.exe: sorting()
#37 0x0041E9EE in D:\C\sorting\quick_sort.exe: sorting()
#38 0x0041E9EE in D:\C\sorting\quick_sort.exe: sorting()
#39 0x0041E9EE in D:\C\sorting\quick_sort.exe: sorting()
#40 0x0041E9EE in D:\C\sorting\quick_sort.exe: sorting()
#41 0x0041E9EE in D:\C\sorting\quick_sort.exe: sorting()
#42 0x0041E9EE in D:\C\sorting\quick_sort.exe: sorting()
#43 0x0041E9EE in D:\C\sorting\quick_sort.exe: sorting()
#44 0x0041E9EE in D:\C\sorting\quick_sort.exe: sorting()
#45 0x0041E9EE in D:\C\sorting\quick_sort.exe: sorting()
#46 0x0041E9EE in D:\C\sorting\quick_sort.exe: sorting()
#47 0x0041E9EE in D:\C\sorting\quick_sort.exe: sorting()
#48 0x0041E9EE in D:\C\sorting\quick_sort.exe: sorting()
#49 0x0041E9EE in D:\C\sorting\quick_sort.exe: sorting()
#50 0x0041E9EE in D:\C\sorting\quick_sort.exe: sorting()
#51 0x0041E9EE in D:\C\sorting\quick_sort.exe: sorting()
#52 0x0041E9EE in D:\C\sorting\quick_sort.exe: sorting()
#53 0x0041E9EE in D:\C\sorting\quick_sort.exe: sorting()
#54 0x0041E9EE in D:\C\sorting\quick_sort.exe: sorting()
#55 0x0041E9EE in D:\C\sorting\quick_sort.exe: sorting()
#56 0x0041E9EE in D:\C\sorting\quick_sort.exe: sorting()
#57 0x0041E9EE in D:\C\sorting\quick_sort.exe: sorting()
#58 0x0041E9EE in D:\C\sorting\quick_sort.exe: sorting()
#59 0x0041E9EE in D:\C\sorting\quick_sort.exe: sorting()
#60 0x0041E9EE in D:\C\sorting\quick_sort.exe: sorting()
#61 0x0041E9EE in D:\C\sorting\quick_sort.exe: sorting()

TXLib печалится: Нет информации об исходных файлах. Вы не забыли опцию -g при компиляции?

--------------------------------------------------
Developed with:

The Dumb Artist Library (TX Library)
TXLib [Ver: 00173a, Rev: 175, Date: 2025-12-31 23:02:50 +0400]
Copyright (C) Ded (Ilya Dedinsky, http://txlib.ru) <mail@txlib.ru>
See license on: http://txlib.ru

TXLib file:	c:\users\user\codeblocks\mingw\include\txlib.h
Compiled:	Sep 13 2026 23:34:03, GNU g++ 4.8.1, std=201103L, MinGW Runtime 3.20, 32-bit, Debug
Started:	Sep 13 2026 23:34:15

Run file:	D:\C\sorting\quick_sort.exe
Directory:	D:\C\sorting

--------------------------------------------------

--------------------------------------------------
TXLib предупреждает:

Программа: D:\C\sorting\quick_sort.exe,

ВНЕЗАПНО: Ю-ху! Переполнение стека!

#1: Исключение EXCEPTION_STACK_OVERFLOW (0xC00000FD) при выполнении кода по адресу 0x0041E90F в функции sorting() в модуле D:\C\sorting\quick_sort.exe. Спасибо _txUnhandledExceptionFilter(), что сообщил. Люблю его <3

#1: TXLib [Ver: 00173a, Rev: 175, Date: 2025-12-31 23:02:50 +0400], Instance: 0x004F61DC (32-bit), Flags: Cmdre0, Thread: 0x431C (Main). 

--------------------------------------------------
Стек вызовов:

# 0 0x0041E90F in D:\C\sorting\quick_sort.exe: sorting()
# 1 0x0041E9EE in D:\C\sorting\quick_sort.exe: sorting()
# 2 0x0041E9EE in D:\C\sorting\quick_sort.exe: sorting()
# 3 0x0041E9EE in D:\C\sorting\quick_sort.exe: sorting()
# 4 0x0041E9EE in D:\C\sorting\quick_sort.exe: sorting()
# 5 0x0041E9EE in D:\C\sorting\quick_sort.exe: sorting()
# 6 0x0041E9EE in D:\C\sorting\quick_sort.exe: sorting()
# 7 0x0041E9EE in D:\C\sorting\quick_sort.exe: sorting()
# 8 0x0041E9EE in D:\C\sorting\quick_sort.exe: sorting()
# 9 0x0041E9EE in D:\C\sorting\quick_sort.exe: sorting()
#10 0x0041E9EE in D:\C\sorting\quick_sort.exe: sorting()
#11 0x0041E9EE in D:\C\sorting\quick_sort.exe: sorting()
#12 0x0041E9EE in D:\C\sorting\quick_sort.exe: sorting()
#13 0x0041E9EE in D:\C\sorting\quick_sort.exe: sorting()
#14 0x0041E9EE in D:\C\sorting\quick_sort.exe: sorting()
#15 0x0041E9EE in D:\C\sorting\quick_sort.exe: sorting()
#16 0x0041E9EE in D:\C\sorting\quick_sort.exe: sorting()
#17 0x0041E9EE in D:\C\sorting\quick_sort.exe: sorting()
#18 0x0041E9EE in D:\C\sorting\quick_sort.exe: sorting()
#19 0x0041E9EE in D:\C\sorting\quick_sort.exe: sorting()
#20 0x0041E9EE in D:\C\sorting\quick_sort.exe: sorting()
#21 0x0041E9EE in D:\C\sorting\quick_sort.exe: sorting()
#22 0x0041E9EE in D:\C\sorting\quick_sort.exe: sorting()
#23 0x0041E9EE in D:\C\sorting\quick_sort.exe: sorting()
#24 0x0041E9EE in D:\C\sorting\quick_sort.exe: sorting()
#25 0x0041E9EE in D:\C\sorting\quick_sort.exe: sorting()
#26 0x0041E9EE in D:\C\sorting\quick_sort.exe: sorting()
#27 0x0041E9EE in D:\C\sorting\quick_sort.exe: sorting()
#28 0x0041E9EE in D:\C\sorting\quick_sort.exe: sorting()
#29 0x0041E9EE in D:\C\sorting\quick_sort.exe: sorting()
#30 0x0041E9EE in D:\C\sorting\quick_sort.exe: sorting()
#31 0x0041E9EE in D:\C\sorting\quick_sort.exe: sorting()
#32 0x0041E9EE in D:\C\sorting\quick_sort.exe: sorting()
#33 0x0041E9EE in D:\C\sorting\quick_sort.exe: sorting()
#34 0x0041E9EE in D:\C\sorting\quick_sort.exe: sorting()
#35 0x0041E9EE in D:\C\sorting\quick_sort.exe: sorting()
#36 0x0041E9EE in D:\C\sorting\quick_sort.exe: sorting()
#37 0x0041E9EE in D:\C\sorting\quick_sort.exe: sorting()
#38 0x0041E9EE in D:\C\sorting\quick_sort.exe: sorting()
#39 0x0041E9EE in D:\C\sorting\quick_sort.exe: sorting()
#40 0x0041E9EE in D:\C\sorting\quick_sort.exe: sorting()
#41 0x0041E9EE in D:\C\sorting\quick_sort.exe: sorting()
#42 0x0041E9EE in D:\C\sorting\quick_sort.exe: sorting()
#43 0x0041E9EE in D:\C\sorting\quick_sort.exe: sorting()
#44 0x0041E9EE in D:\C\sorting\quick_sort.exe: sorting()
#45 0x0041E9EE in D:\C\sorting\quick_sort.exe: sorting()
#46 0x0041E9EE in D:\C\sorting\quick_sort.exe: sorting()
#47 0x0041E9EE in D:\C\sorting\quick_sort.exe: sorting()
#48 0x0041E9EE in D:\C\sorting\quick_sort.exe: sorting()
#49 0x0041E9EE in D:\C\sorting\quick_sort.exe: sorting()
#50 0x0041E9EE in D:\C\sorting\quick_sort.exe: sorting()
#51 0x0041E9EE in D:\C\sorting\quick_sort.exe: sorting()
#52 0x0041E9EE in D:\C\sorting\quick_sort.exe: sorting()
#53 0x0041E9EE in D:\C\sorting\quick_sort.exe: sorting()
#54 0x0041E9EE in D:\C\sorting\quick_sort.exe: sorting()
#55 0x0041E9EE in D:\C\sorting\quick_sort.exe: sorting()
#56 0x0041E9EE in D:\C\sorting\quick_sort.exe: sorting()
#57 0x0041E9EE in D:\C\sorting\quick_sort.exe: sorting()
#58 0x0041E9EE in D:\C\sorting\quick_sort.exe: sorting()
#59 0x0041E9EE in D:\C\sorting\quick_sort.exe: sorting()
#60 0x0041E9EE in D:\C\sorting\quick_sort.exe: sorting()
#61 0x0041E9EE in D:\C\sorting\quick_sort.exe: sorting()

TXLib печалится: Нет информации об исходных файлах. Вы не забыли опцию -g при компиляции?

--------------------------------------------------
Developed with:

The Dumb Artist Library (TX Library)
TXLib [Ver: 00173a, Rev: 175, Date: 2025-12-31 23:02:50 +0400]
Copyright (C) Ded (Ilya Dedinsky, http://txlib.ru) <mail@txlib.ru>
See license on: http://txlib.ru

TXLib file:	c:\users\user\codeblocks\mingw\include\txlib.h
Compiled:	Sep 13 2026 23:34:39, GNU g++ 4.8.1, std=201103L, MinGW Runtime 3.20, 32-bit, Debug
Started:	Sep 13 2026 23:34:43

Run file:	D:\C\sorting\quick_sort.exe
Directory:	D:\C\sorting

--------------------------------------------------

--------------------------------------------------
TXLib соболезнует...

Программа: D:\C\sorting\quick_sort.exe,

ВНЕЗАПНО: Ю-ху! Переполнение стека!

#1: Исключение EXCEPTION_STACK_OVERFLOW (0xC00000FD) при выполнении кода по адресу 0x0041E90F в функции sorting() в модуле D:\C\sorting\quick_sort.exe. Спасибо _txUnhandledExceptionFilter(), что сообщил. Люблю его <3

С помощью функции _set_se_translator() вы можете сами обработать эту ошибку.

#2: TXLib [Ver: 00173a, Rev: 175, Date: 2025-12-31 23:02:50 +0400], Instance: 0x004F61DC (32-bit), Flags: Cmdre0, Thread: 0x431C (Main). 

--------------------------------------------------
Стек вызовов:

# 0 0x0041E90F in D:\C\sorting\quick_sort.exe: sorting()
# 1 0x0041E9EE in D:\C\sorting\quick_sort.exe: sorting()
# 2 0x0041E9EE in D:\C\sorting\quick_sort.exe: sorting()
# 3 0x0041E9EE in D:\C\sorting\quick_sort.exe: sorting()
# 4 0x0041E9EE in D:\C\sorting\quick_sort.exe: sorting()
# 5 0x0041E9EE in D:\C\sorting\quick_sort.exe: sorting()
# 6 0x0041E9EE in D:\C\sorting\quick_sort.exe: sorting()
# 7 0x0041E9EE in D:\C\sorting\quick_sort.exe: sorting()
# 8 0x0041E9EE in D:\C\sorting\quick_sort.exe: sorting()
# 9 0x0041E9EE in D:\C\sorting\quick_sort.exe: sorting()
#10 0x0041E9EE in D:\C\sorting\quick_sort.exe: sorting()
#11 0x0041E9EE in D:\C\sorting\quick_sort.exe: sorting()
#12 0x0041E9EE in D:\C\sorting\quick_sort.exe: sorting()
#13 0x0041E9EE in D:\C\sorting\quick_sort.exe: sorting()
#14 0x0041E9EE in D:\C\sorting\quick_sort.exe: sorting()
#15 0x0041E9EE in D:\C\sorting\quick_sort.exe: sorting()
#16 0x0041E9EE in D:\C\sorting\quick_sort.exe: sorting()
#17 0x0041E9EE in D:\C\sorting\quick_sort.exe: sorting()
#18 0x0041E9EE in D:\C\sorting\quick_sort.exe: sorting()
#19 0x0041E9EE in D:\C\sorting\quick_sort.exe: sorting()
#20 0x0041E9EE in D:\C\sorting\quick_sort.exe: sorting()
#21 0x0041E9EE in D:\C\sorting\quick_sort.exe: sorting()
#22 0x0041E9EE in D:\C\sorting\quick_sort.exe: sorting()
#23 0x0041E9EE in D:\C\sorting\quick_sort.exe: sorting()
#24 0x0041E9EE in D:\C\sorting\quick_sort.exe: sorting()
#25 0x0041E9EE in D:\C\sorting\quick_sort.exe: sorting()
#26 0x0041E9EE in D:\C\sorting\quick_sort.exe: sorting()
#27 0x0041E9EE in D:\C\sorting\quick_sort.exe: sorting()
#28 0x0041E9EE in D:\C\sorting\quick_sort.exe: sorting()
#29 0x0041E9EE in D:\C\sorting\quick_sort.exe: sorting()
#30 0x0041E9EE in D:\C\sorting\quick_sort.exe: sorting()
#31 0x0041E9EE in D:\C\sorting\quick_sort.exe: sorting()
#32 0x0041E9EE in D:\C\sorting\quick_sort.exe: sorting()
#33 0x0041E9EE in D:\C\sorting\quick_sort.exe: sorting()
#34 0x0041E9EE in D:\C\sorting\quick_sort.exe: sorting()
#35 0x0041E9EE in D:\C\sorting\quick_sort.exe: sorting()
#36 0x0041E9EE in D:\C\sorting\quick_sort.exe: sorting()
#37 0x0041E9EE in D:\C\sorting\quick_sort.exe: sorting()
#38 0x0041E9EE in D:\C\sorting\quick_sort.exe: sorting()
#39 0x0041E9EE in D:\C\sorting\quick_sort.exe: sorting()
#40 0x0041E9EE in D:\C\sorting\quick_sort.exe: sorting()
#41 0x0041E9EE in D:\C\sorting\quick_sort.exe: sorting()
#42 0x0041E9EE in D:\C\sorting\quick_sort.exe: sorting()
#43 0x0041E9EE in D:\C\sorting\quick_sort.exe: sorting()
#44 0x0041E9EE in D:\C\sorting\quick_sort.exe: sorting()
#45 0x0041E9EE in D:\C\sorting\quick_sort.exe: sorting()
#46 0x0041E9EE in D:\C\sorting\quick_sort.exe: sorting()
#47 0x0041E9EE in D:\C\sorting\quick_sort.exe: sorting()
#48 0x0041E9EE in D:\C\sorting\quick_sort.exe: sorting()
#49 0x0041E9EE in D:\C\sorting\quick_sort.exe: sorting()
#50 0x0041E9EE in D:\C\sorting\quick_sort.exe: sorting()
#51 0x0041E9EE in D:\C\sorting\quick_sort.exe: sorting()
#52 0x0041E9EE in D:\C\sorting\quick_sort.exe: sorting()
#53 0x0041E9EE in D:\C\sorting\quick_sort.exe: sorting()
#54 0x0041E9EE in D:\C\sorting\quick_sort.exe: sorting()
#55 0x0041E9EE in D:\C\sorting\quick_sort.exe: sorting()
#56 0x0041E9EE in D:\C\sorting\quick_sort.exe: sorting()
#57 0x0041E9EE in D:\C\sorting\quick_sort.exe: sorting()
#58 0x0041E9EE in D:\C\sorting\quick_sort.exe: sorting()
#59 0x0041E9EE in D:\C\sorting\quick_sort.exe: sorting()
#60 0x0041E9EE in D:\C\sorting\quick_sort.exe: sorting()
#61 0x0041E9EE in D:\C\sorting\quick_sort.exe: sorting()

TXLib печалится: Нет информации об исходных файлах. Вы не забыли опцию -g при компиляции?

--------------------------------------------------
Developed with:

The Dumb Artist Library (TX Library)
TXLib [Ver: 00173a, Rev: 175, Date: 2025-12-31 23:02:50 +0400]
Copyright (C) Ded (Ilya Dedinsky, http://txlib.ru) <mail@txlib.ru>
See license on: http://txlib.ru

TXLib file:	c:\users\user\codeblocks\mingw\include\txlib.h
Compiled:	Sep 13 2026 23:34:39, GNU g++ 4.8.1, std=201103L, MinGW Runtime 3.20, 32-bit, Debug
Started:	Sep 13 2026 23:34:43

Run file:	D:\C\sorting\quick_sort.exe
Directory:	D:\C\sorting

--------------------------------------------------

--------------------------------------------------
TXLib предупреждает:

Программа: D:\C\sorting\quick_sort.exe,

ВНЕЗАПНО: Ю-ху! Переполнение стека!

#1: Исключение EXCEPTION_STACK_OVERFLOW (0xC00000FD) при выполнении кода по адресу 0x0041E90F в функции sorting() в модуле D:\C\sorting\quick_sort.exe. Спасибо _txUnhandledExceptionFilter(), что сообщил. Люблю его <3

#1: TXLib [Ver: 00173a, Rev: 175, Date: 2025-12-31 23:02:50 +0400], Instance: 0x004F61DC (32-bit), Flags: Cmdre0, Thread: 0x35E4 (Main). 

--------------------------------------------------
Стек вызовов:

# 0 0x0041E90F in D:\C\sorting\quick_sort.exe: sorting()
# 1 0x0041E9EE in D:\C\sorting\quick_sort.exe: sorting()
# 2 0x0041E9EE in D:\C\sorting\quick_sort.exe: sorting()
# 3 0x0041E9EE in D:\C\sorting\quick_sort.exe: sorting()
# 4 0x0041E9EE in D:\C\sorting\quick_sort.exe: sorting()
# 5 0x0041E9EE in D:\C\sorting\quick_sort.exe: sorting()
# 6 0x0041E9EE in D:\C\sorting\quick_sort.exe: sorting()
# 7 0x0041E9EE in D:\C\sorting\quick_sort.exe: sorting()
# 8 0x0041E9EE in D:\C\sorting\quick_sort.exe: sorting()
# 9 0x0041E9EE in D:\C\sorting\quick_sort.exe: sorting()
#10 0x0041E9EE in D:\C\sorting\quick_sort.exe: sorting()
#11 0x0041E9EE in D:\C\sorting\quick_sort.exe: sorting()
#12 0x0041E9EE in D:\C\sorting\quick_sort.exe: sorting()
#13 0x0041E9EE in D:\C\sorting\quick_sort.exe: sorting()
#14 0x0041E9EE in D:\C\sorting\quick_sort.exe: sorting()
#15 0x0041E9EE in D:\C\sorting\quick_sort.exe: sorting()
#16 0x0041E9EE in D:\C\sorting\quick_sort.exe: sorting()
#17 0x0041E9EE in D:\C\sorting\quick_sort.exe: sorting()
#18 0x0041E9EE in D:\C\sorting\quick_sort.exe: sorting()
#19 0x0041E9EE in D:\C\sorting\quick_sort.exe: sorting()
#20 0x0041E9EE in D:\C\sorting\quick_sort.exe: sorting()
#21 0x0041E9EE in D:\C\sorting\quick_sort.exe: sorting()
#22 0x0041E9EE in D:\C\sorting\quick_sort.exe: sorting()
#23 0x0041E9EE in D:\C\sorting\quick_sort.exe: sorting()
#24 0x0041E9EE in D:\C\sorting\quick_sort.exe: sorting()
#25 0x0041E9EE in D:\C\sorting\quick_sort.exe: sorting()
#26 0x0041E9EE in D:\C\sorting\quick_sort.exe: sorting()
#27 0x0041E9EE in D:\C\sorting\quick_sort.exe: sorting()
#28 0x0041E9EE in D:\C\sorting\quick_sort.exe: sorting()
#29 0x0041E9EE in D:\C\sorting\quick_sort.exe: sorting()
#30 0x0041E9EE in D:\C\sorting\quick_sort.exe: sorting()
#31 0x0041E9EE in D:\C\sorting\quick_sort.exe: sorting()
#32 0x0041E9EE in D:\C\sorting\quick_sort.exe: sorting()
#33 0x0041E9EE in D:\C\sorting\quick_sort.exe: sorting()
#34 0x0041E9EE in D:\C\sorting\quick_sort.exe: sorting()
#35 0x0041E9EE in D:\C\sorting\quick_sort.exe: sorting()
#36 0x0041E9EE in D:\C\sorting\quick_sort.exe: sorting()
#37 0x0041E9EE in D:\C\sorting\quick_sort.exe: sorting()
#38 0x0041E9EE in D:\C\sorting\quick_sort.exe: sorting()
#39 0x0041E9EE in D:\C\sorting\quick_sort.exe: sorting()
#40 0x0041E9EE in D:\C\sorting\quick_sort.exe: sorting()
#41 0x0041E9EE in D:\C\sorting\quick_sort.exe: sorting()
#42 0x0041E9EE in D:\C\sorting\quick_sort.exe: sorting()
#43 0x0041E9EE in D:\C\sorting\quick_sort.exe: sorting()
#44 0x0041E9EE in D:\C\sorting\quick_sort.exe: sorting()
#45 0x0041E9EE in D:\C\sorting\quick_sort.exe: sorting()
#46 0x0041E9EE in D:\C\sorting\quick_sort.exe: sorting()
#47 0x0041E9EE in D:\C\sorting\quick_sort.exe: sorting()
#48 0x0041E9EE in D:\C\sorting\quick_sort.exe: sorting()
#49 0x0041E9EE in D:\C\sorting\quick_sort.exe: sorting()
#50 0x0041E9EE in D:\C\sorting\quick_sort.exe: sorting()
#51 0x0041E9EE in D:\C\sorting\quick_sort.exe: sorting()
#52 0x0041E9EE in D:\C\sorting\quick_sort.exe: sorting()
#53 0x0041E9EE in D:\C\sorting\quick_sort.exe: sorting()
#54 0x0041E9EE in D:\C\sorting\quick_sort.exe: sorting()
#55 0x0041E9EE in D:\C\sorting\quick_sort.exe: sorting()
#56 0x0041E9EE in D:\C\sorting\quick_sort.exe: sorting()
#57 0x0041E9EE in D:\C\sorting\quick_sort.exe: sorting()
#58 0x0041E9EE in D:\C\sorting\quick_sort.exe: sorting()
#59 0x0041E9EE in D:\C\sorting\quick_sort.exe: sorting()
#60 0x0041E9EE in D:\C\sorting\quick_sort.exe: sorting()
#61 0x0041E9EE in D:\C\sorting\quick_sort.exe: sorting()

TXLib печалится: Нет информации об исходных файлах. Вы не забыли опцию -g при компиляции?

--------------------------------------------------
Developed with:

The Dumb Artist Library (TX Library)
TXLib [Ver: 00173a, Rev: 175, Date: 2025-12-31 23:02:50 +0400]
Copyright (C) Ded (Ilya Dedinsky, http://txlib.ru) <mail@txlib.ru>
See license on: http://txlib.ru

TXLib file:	c:\users\user\codeblocks\mingw\include\txlib.h
Compiled:	Sep 13 2026 23:35:20, GNU g++ 4.8.1, std=201103L, MinGW Runtime 3.20, 32-bit, Debug
Started:	Sep 13 2026 23:35:23

Run file:	D:\C\sorting\quick_sort.exe
Directory:	D:\C\sorting

--------------------------------------------------

--------------------------------------------------
TXLib соболезнует...

Программа: D:\C\sorting\quick_sort.exe,

ВНЕЗАПНО: Ю-ху! Переполнение стека!

#1: Исключение EXCEPTION_STACK_OVERFLOW (0xC00000FD) при выполнении кода по адресу 0x0041E90F в функции sorting() в модуле D:\C\sorting\quick_sort.exe. Спасибо _txUnhandledExceptionFilter(), что сообщил. Люблю его <3

С помощью функции _set_se_translator() вы можете сами обработать эту ошибку.

#2: TXLib [Ver: 00173a, Rev: 175, Date: 2025-12-31 23:02:50 +0400], Instance: 0x004F61DC (32-bit), Flags: Cmdre0, Thread: 0x35E4 (Main). 

--------------------------------------------------
Стек вызовов:

# 0 0x0041E90F in D:\C\sorting\quick_sort.exe: sorting()
# 1 0x0041E9EE in D:\C\sorting\quick_sort.exe: sorting()
# 2 0x0041E9EE in D:\C\sorting\quick_sort.exe: sorting()
# 3 0x0041E9EE in D:\C\sorting\quick_sort.exe: sorting()
# 4 0x0041E9EE in D:\C\sorting\quick_sort.exe: sorting()
# 5 0x0041E9EE in D:\C\sorting\quick_sort.exe: sorting()
# 6 0x0041E9EE in D:\C\sorting\quick_sort.exe: sorting()
# 7 0x0041E9EE in D:\C\sorting\quick_sort.exe: sorting()
# 8 0x0041E9EE in D:\C\sorting\quick_sort.exe: sorting()
# 9 0x0041E9EE in D:\C\sorting\quick_sort.exe: sorting()
#10 0x0041E9EE in D:\C\sorting\quick_sort.exe: sorting()
#11 0x0041E9EE in D:\C\sorting\quick_sort.exe: sorting()
#12 0x0041E9EE in D:\C\sorting\quick_sort.exe: sorting()
#13 0x0041E9EE in D:\C\sorting\quick_sort.exe: sorting()
#14 0x0041E9EE in D:\C\sorting\quick_sort.exe: sorting()
#15 0x0041E9EE in D:\C\sorting\quick_sort.exe: sorting()
#16 0x0041E9EE in D:\C\sorting\quick_sort.exe: sorting()
#17 0x0041E9EE in D:\C\sorting\quick_sort.exe: sorting()
#18 0x0041E9EE in D:\C\sorting\quick_sort.exe: sorting()
#19 0x0041E9EE in D:\C\sorting\quick_sort.exe: sorting()
#20 0x0041E9EE in D:\C\sorting\quick_sort.exe: sorting()
#21 0x0041E9EE in D:\C\sorting\quick_sort.exe: sorting()
#22 0x0041E9EE in D:\C\sorting\quick_sort.exe: sorting()
#23 0x0041E9EE in D:\C\sorting\quick_sort.exe: sorting()
#24 0x0041E9EE in D:\C\sorting\quick_sort.exe: sorting()
#25 0x0041E9EE in D:\C\sorting\quick_sort.exe: sorting()
#26 0x0041E9EE in D:\C\sorting\quick_sort.exe: sorting()
#27 0x0041E9EE in D:\C\sorting\quick_sort.exe: sorting()
#28 0x0041E9EE in D:\C\sorting\quick_sort.exe: sorting()
#29 0x0041E9EE in D:\C\sorting\quick_sort.exe: sorting()
#30 0x0041E9EE in D:\C\sorting\quick_sort.exe: sorting()
#31 0x0041E9EE in D:\C\sorting\quick_sort.exe: sorting()
#32 0x0041E9EE in D:\C\sorting\quick_sort.exe: sorting()
#33 0x0041E9EE in D:\C\sorting\quick_sort.exe: sorting()
#34 0x0041E9EE in D:\C\sorting\quick_sort.exe: sorting()
#35 0x0041E9EE in D:\C\sorting\quick_sort.exe: sorting()
#36 0x0041E9EE in D:\C\sorting\quick_sort.exe: sorting()
#37 0x0041E9EE in D:\C\sorting\quick_sort.exe: sorting()
#38 0x0041E9EE in D:\C\sorting\quick_sort.exe: sorting()
#39 0x0041E9EE in D:\C\sorting\quick_sort.exe: sorting()
#40 0x0041E9EE in D:\C\sorting\quick_sort.exe: sorting()
#41 0x0041E9EE in D:\C\sorting\quick_sort.exe: sorting()
#42 0x0041E9EE in D:\C\sorting\quick_sort.exe: sorting()
#43 0x0041E9EE in D:\C\sorting\quick_sort.exe: sorting()
#44 0x0041E9EE in D:\C\sorting\quick_sort.exe: sorting()
#45 0x0041E9EE in D:\C\sorting\quick_sort.exe: sorting()
#46 0x0041E9EE in D:\C\sorting\quick_sort.exe: sorting()
#47 0x0041E9EE in D:\C\sorting\quick_sort.exe: sorting()
#48 0x0041E9EE in D:\C\sorting\quick_sort.exe: sorting()
#49 0x0041E9EE in D:\C\sorting\quick_sort.exe: sorting()
#50 0x0041E9EE in D:\C\sorting\quick_sort.exe: sorting()
#51 0x0041E9EE in D:\C\sorting\quick_sort.exe: sorting()
#52 0x0041E9EE in D:\C\sorting\quick_sort.exe: sorting()
#53 0x0041E9EE in D:\C\sorting\quick_sort.exe: sorting()
#54 0x0041E9EE in D:\C\sorting\quick_sort.exe: sorting()
#55 0x0041E9EE in D:\C\sorting\quick_sort.exe: sorting()
#56 0x0041E9EE in D:\C\sorting\quick_sort.exe: sorting()
#57 0x0041E9EE in D:\C\sorting\quick_sort.exe: sorting()
#58 0x0041E9EE in D:\C\sorting\quick_sort.exe: sorting()
#59 0x0041E9EE in D:\C\sorting\quick_sort.exe: sorting()
#60 0x0041E9EE in D:\C\sorting\quick_sort.exe: sorting()
#61 0x0041E9EE in D:\C\sorting\quick_sort.exe: sorting()

TXLib печалится: Нет информации об исходных файлах. Вы не забыли опцию -g при компиляции?

--------------------------------------------------
Developed with:

The Dumb Artist Library (TX Library)
TXLib [Ver: 00173a, Rev: 175, Date: 2025-12-31 23:02:50 +0400]
Copyright (C) Ded (Ilya Dedinsky, http://txlib.ru) <mail@txlib.ru>
See license on: http://txlib.ru

TXLib file:	c:\users\user\codeblocks\mingw\include\txlib.h
Compiled:	Sep 13 2026 23:35:20, GNU g++ 4.8.1, std=201103L, MinGW Runtime 3.20, 32-bit, Debug
Started:	Sep 13 2026 23:35:24

Run file:	D:\C\sorting\quick_sort.exe
Directory:	D:\C\sorting

--------------------------------------------------

--------------------------------------------------
TXLib предупреждает:

Программа: D:\C\sorting\quick_sort.exe,

ВНЕЗАПНО: Ю-ху! Переполнение стека!

#1: Исключение EXCEPTION_STACK_OVERFLOW (0xC00000FD) при выполнении кода по адресу 0x0041E90F в функции sorting() в модуле D:\C\sorting\quick_sort.exe. Спасибо _txUnhandledExceptionFilter(), что сообщил. Люблю его <3

#1: TXLib [Ver: 00173a, Rev: 175, Date: 2025-12-31 23:02:50 +0400], Instance: 0x004F61DC (32-bit), Flags: Cmdre0, Thread: 0xC04 (Main). 

--------------------------------------------------
Стек вызовов:

# 0 0x0041E90F in D:\C\sorting\quick_sort.exe: sorting()
# 1 0x0041EA17 in D:\C\sorting\quick_sort.exe: sorting()
# 2 0x0041EA17 in D:\C\sorting\quick_sort.exe: sorting()
# 3 0x0041EA17 in D:\C\sorting\quick_sort.exe: sorting()
# 4 0x0041EA17 in D:\C\sorting\quick_sort.exe: sorting()
# 5 0x0041EA17 in D:\C\sorting\quick_sort.exe: sorting()
# 6 0x0041EA17 in D:\C\sorting\quick_sort.exe: sorting()
# 7 0x0041EA17 in D:\C\sorting\quick_sort.exe: sorting()
# 8 0x0041EA17 in D:\C\sorting\quick_sort.exe: sorting()
# 9 0x0041EA17 in D:\C\sorting\quick_sort.exe: sorting()
#10 0x0041EA17 in D:\C\sorting\quick_sort.exe: sorting()
#11 0x0041EA17 in D:\C\sorting\quick_sort.exe: sorting()
#12 0x0041EA17 in D:\C\sorting\quick_sort.exe: sorting()
#13 0x0041EA17 in D:\C\sorting\quick_sort.exe: sorting()
#14 0x0041EA17 in D:\C\sorting\quick_sort.exe: sorting()
#15 0x0041EA17 in D:\C\sorting\quick_sort.exe: sorting()
#16 0x0041EA17 in D:\C\sorting\quick_sort.exe: sorting()
#17 0x0041EA17 in D:\C\sorting\quick_sort.exe: sorting()
#18 0x0041EA17 in D:\C\sorting\quick_sort.exe: sorting()
#19 0x0041EA17 in D:\C\sorting\quick_sort.exe: sorting()
#20 0x0041EA17 in D:\C\sorting\quick_sort.exe: sorting()
#21 0x0041EA17 in D:\C\sorting\quick_sort.exe: sorting()
#22 0x0041EA17 in D:\C\sorting\quick_sort.exe: sorting()
#23 0x0041EA17 in D:\C\sorting\quick_sort.exe: sorting()
#24 0x0041EA17 in D:\C\sorting\quick_sort.exe: sorting()
#25 0x0041EA17 in D:\C\sorting\quick_sort.exe: sorting()
#26 0x0041EA17 in D:\C\sorting\quick_sort.exe: sorting()
#27 0x0041EA17 in D:\C\sorting\quick_sort.exe: sorting()
#28 0x0041EA17 in D:\C\sorting\quick_sort.exe: sorting()
#29 0x0041EA17 in D:\C\sorting\quick_sort.exe: sorting()
#30 0x0041EA17 in D:\C\sorting\quick_sort.exe: sorting()
#31 0x0041EA17 in D:\C\sorting\quick_sort.exe: sorting()
#32 0x0041EA17 in D:\C\sorting\quick_sort.exe: sorting()
#33 0x0041EA17 in D:\C\sorting\quick_sort.exe: sorting()
#34 0x0041EA17 in D:\C\sorting\quick_sort.exe: sorting()
#35 0x0041EA17 in D:\C\sorting\quick_sort.exe: sorting()
#36 0x0041EA17 in D:\C\sorting\quick_sort.exe: sorting()
#37 0x0041EA17 in D:\C\sorting\quick_sort.exe: sorting()
#38 0x0041EA17 in D:\C\sorting\quick_sort.exe: sorting()
#39 0x0041EA17 in D:\C\sorting\quick_sort.exe: sorting()
#40 0x0041EA17 in D:\C\sorting\quick_sort.exe: sorting()
#41 0x0041EA17 in D:\C\sorting\quick_sort.exe: sorting()
#42 0x0041EA17 in D:\C\sorting\quick_sort.exe: sorting()
#43 0x0041EA17 in D:\C\sorting\quick_sort.exe: sorting()
#44 0x0041EA17 in D:\C\sorting\quick_sort.exe: sorting()
#45 0x0041EA17 in D:\C\sorting\quick_sort.exe: sorting()
#46 0x0041EA17 in D:\C\sorting\quick_sort.exe: sorting()
#47 0x0041EA17 in D:\C\sorting\quick_sort.exe: sorting()
#48 0x0041EA17 in D:\C\sorting\quick_sort.exe: sorting()
#49 0x0041EA17 in D:\C\sorting\quick_sort.exe: sorting()
#50 0x0041EA17 in D:\C\sorting\quick_sort.exe: sorting()
#51 0x0041EA17 in D:\C\sorting\quick_sort.exe: sorting()
#52 0x0041EA17 in D:\C\sorting\quick_sort.exe: sorting()
#53 0x0041EA17 in D:\C\sorting\quick_sort.exe: sorting()
#54 0x0041EA17 in D:\C\sorting\quick_sort.exe: sorting()
#55 0x0041EA17 in D:\C\sorting\quick_sort.exe: sorting()
#56 0x0041EA17 in D:\C\sorting\quick_sort.exe: sorting()
#57 0x0041EA17 in D:\C\sorting\quick_sort.exe: sorting()
#58 0x0041EA17 in D:\C\sorting\quick_sort.exe: sorting()
#59 0x0041EA17 in D:\C\sorting\quick_sort.exe: sorting()
#60 0x0041EA17 in D:\C\sorting\quick_sort.exe: sorting()
#61 0x0041EA17 in D:\C\sorting\quick_sort.exe: sorting()

TXLib печалится: Нет информации об исходных файлах. Вы не забыли опцию -g при компиляции?

--------------------------------------------------
Developed with:

The Dumb Artist Library (TX Library)
TXLib [Ver: 00173a, Rev: 175, Date: 2025-12-31 23:02:50 +0400]
Copyright (C) Ded (Ilya Dedinsky, http://txlib.ru) <mail@txlib.ru>
See license on: http://txlib.ru

TXLib file:	c:\users\user\codeblocks\mingw\include\txlib.h
Compiled:	Sep 13 2026 23:37:56, GNU g++ 4.8.1, std=201103L, MinGW Runtime 3.20, 32-bit, Debug
Started:	Sep 13 2026 23:38:00

Run file:	D:\C\sorting\quick_sort.exe
Directory:	D:\C\sorting

--------------------------------------------------

--------------------------------------------------
TXLib соболезнует...

Программа: D:\C\sorting\quick_sort.exe,

ВНЕЗАПНО: Ю-ху! Переполнение стека!

#1: Исключение EXCEPTION_STACK_OVERFLOW (0xC00000FD) при выполнении кода по адресу 0x0041E90F в функции sorting() в модуле D:\C\sorting\quick_sort.exe. Спасибо _txUnhandledExceptionFilter(), что сообщил. Люблю его <3

С помощью функции _set_se_translator() вы можете сами обработать эту ошибку.

#2: TXLib [Ver: 00173a, Rev: 175, Date: 2025-12-31 23:02:50 +0400], Instance: 0x004F61DC (32-bit), Flags: Cmdre0, Thread: 0xC04 (Main). 

--------------------------------------------------
Стек вызовов:

# 0 0x0041E90F in D:\C\sorting\quick_sort.exe: sorting()
# 1 0x0041EA17 in D:\C\sorting\quick_sort.exe: sorting()
# 2 0x0041EA17 in D:\C\sorting\quick_sort.exe: sorting()
# 3 0x0041EA17 in D:\C\sorting\quick_sort.exe: sorting()
# 4 0x0041EA17 in D:\C\sorting\quick_sort.exe: sorting()
# 5 0x0041EA17 in D:\C\sorting\quick_sort.exe: sorting()
# 6 0x0041EA17 in D:\C\sorting\quick_sort.exe: sorting()
# 7 0x0041EA17 in D:\C\sorting\quick_sort.exe: sorting()
# 8 0x0041EA17 in D:\C\sorting\quick_sort.exe: sorting()
# 9 0x0041EA17 in D:\C\sorting\quick_sort.exe: sorting()
#10 0x0041EA17 in D:\C\sorting\quick_sort.exe: sorting()
#11 0x0041EA17 in D:\C\sorting\quick_sort.exe: sorting()
#12 0x0041EA17 in D:\C\sorting\quick_sort.exe: sorting()
#13 0x0041EA17 in D:\C\sorting\quick_sort.exe: sorting()
#14 0x0041EA17 in D:\C\sorting\quick_sort.exe: sorting()
#15 0x0041EA17 in D:\C\sorting\quick_sort.exe: sorting()
#16 0x0041EA17 in D:\C\sorting\quick_sort.exe: sorting()
#17 0x0041EA17 in D:\C\sorting\quick_sort.exe: sorting()
#18 0x0041EA17 in D:\C\sorting\quick_sort.exe: sorting()
#19 0x0041EA17 in D:\C\sorting\quick_sort.exe: sorting()
#20 0x0041EA17 in D:\C\sorting\quick_sort.exe: sorting()
#21 0x0041EA17 in D:\C\sorting\quick_sort.exe: sorting()
#22 0x0041EA17 in D:\C\sorting\quick_sort.exe: sorting()
#23 0x0041EA17 in D:\C\sorting\quick_sort.exe: sorting()
#24 0x0041EA17 in D:\C\sorting\quick_sort.exe: sorting()
#25 0x0041EA17 in D:\C\sorting\quick_sort.exe: sorting()
#26 0x0041EA17 in D:\C\sorting\quick_sort.exe: sorting()
#27 0x0041EA17 in D:\C\sorting\quick_sort.exe: sorting()
#28 0x0041EA17 in D:\C\sorting\quick_sort.exe: sorting()
#29 0x0041EA17 in D:\C\sorting\quick_sort.exe: sorting()
#30 0x0041EA17 in D:\C\sorting\quick_sort.exe: sorting()
#31 0x0041EA17 in D:\C\sorting\quick_sort.exe: sorting()
#32 0x0041EA17 in D:\C\sorting\quick_sort.exe: sorting()
#33 0x0041EA17 in D:\C\sorting\quick_sort.exe: sorting()
#34 0x0041EA17 in D:\C\sorting\quick_sort.exe: sorting()
#35 0x0041EA17 in D:\C\sorting\quick_sort.exe: sorting()
#36 0x0041EA17 in D:\C\sorting\quick_sort.exe: sorting()
#37 0x0041EA17 in D:\C\sorting\quick_sort.exe: sorting()
#38 0x0041EA17 in D:\C\sorting\quick_sort.exe: sorting()
#39 0x0041EA17 in D:\C\sorting\quick_sort.exe: sorting()
#40 0x0041EA17 in D:\C\sorting\quick_sort.exe: sorting()
#41 0x0041EA17 in D:\C\sorting\quick_sort.exe: sorting()
#42 0x0041EA17 in D:\C\sorting\quick_sort.exe: sorting()
#43 0x0041EA17 in D:\C\sorting\quick_sort.exe: sorting()
#44 0x0041EA17 in D:\C\sorting\quick_sort.exe: sorting()
#45 0x0041EA17 in D:\C\sorting\quick_sort.exe: sorting()
#46 0x0041EA17 in D:\C\sorting\quick_sort.exe: sorting()
#47 0x0041EA17 in D:\C\sorting\quick_sort.exe: sorting()
#48 0x0041EA17 in D:\C\sorting\quick_sort.exe: sorting()
#49 0x0041EA17 in D:\C\sorting\quick_sort.exe: sorting()
#50 0x0041EA17 in D:\C\sorting\quick_sort.exe: sorting()
#51 0x0041EA17 in D:\C\sorting\quick_sort.exe: sorting()
#52 0x0041EA17 in D:\C\sorting\quick_sort.exe: sorting()
#53 0x0041EA17 in D:\C\sorting\quick_sort.exe: sorting()
#54 0x0041EA17 in D:\C\sorting\quick_sort.exe: sorting()
#55 0x0041EA17 in D:\C\sorting\quick_sort.exe: sorting()
#56 0x0041EA17 in D:\C\sorting\quick_sort.exe: sorting()
#57 0x0041EA17 in D:\C\sorting\quick_sort.exe: sorting()
#58 0x0041EA17 in D:\C\sorting\quick_sort.exe: sorting()
#59 0x0041EA17 in D:\C\sorting\quick_sort.exe: sorting()
#60 0x0041EA17 in D:\C\sorting\quick_sort.exe: sorting()
#61 0x0041EA17 in D:\C\sorting\quick_sort.exe: sorting()

TXLib печалится: Нет информации об исходных файлах. Вы не забыли опцию -g при компиляции?

--------------------------------------------------
Developed with:

The Dumb Artist Library (TX Library)
TXLib [Ver: 00173a, Rev: 175, Date: 2025-12-31 23:02:50 +0400]
Copyright (C) Ded (Ilya Dedinsky, http://txlib.ru) <mail@txlib.ru>
See license on: http://txlib.ru

TXLib file:	c:\users\user\codeblocks\mingw\include\txlib.h
Compiled:	Sep 13 2026 23:37:56, GNU g++ 4.8.1, std=201103L, MinGW Runtime 3.20, 32-bit, Debug
Started:	Sep 13 2026 23:38:00

Run file:	D:\C\sorting\quick_sort.exe
Directory:	D:\C\sorting

--------------------------------------------------

--------------------------------------------------
TXLib предупреждает:

Программа: D:\C\sorting\quick_sort.exe,

ВНЕЗАПНО: Ю-ху! Переполнение стека!

#1: Исключение EXCEPTION_STACK_OVERFLOW (0xC00000FD) при выполнении кода по адресу 0x0041E90F в функции sorting() в модуле D:\C\sorting\quick_sort.exe. Спасибо _txUnhandledExceptionFilter(), что сообщил. Люблю его <3

#1: TXLib [Ver: 00173a, Rev: 175, Date: 2025-12-31 23:02:50 +0400], Instance: 0x004F61DC (32-bit), Flags: Cmdre0, Thread: 0x35B4 (Main). 

--------------------------------------------------
Стек вызовов:

# 0 0x0041E90F in D:\C\sorting\quick_sort.exe: sorting()
# 1 0x0041E9EE in D:\C\sorting\quick_sort.exe: sorting()
# 2 0x0041E9EE in D:\C\sorting\quick_sort.exe: sorting()
# 3 0x0041E9EE in D:\C\sorting\quick_sort.exe: sorting()
# 4 0x0041E9EE in D:\C\sorting\quick_sort.exe: sorting()
# 5 0x0041E9EE in D:\C\sorting\quick_sort.exe: sorting()
# 6 0x0041E9EE in D:\C\sorting\quick_sort.exe: sorting()
# 7 0x0041E9EE in D:\C\sorting\quick_sort.exe: sorting()
# 8 0x0041E9EE in D:\C\sorting\quick_sort.exe: sorting()
# 9 0x0041E9EE in D:\C\sorting\quick_sort.exe: sorting()
#10 0x0041E9EE in D:\C\sorting\quick_sort.exe: sorting()
#11 0x0041E9EE in D:\C\sorting\quick_sort.exe: sorting()
#12 0x0041E9EE in D:\C\sorting\quick_sort.exe: sorting()
#13 0x0041E9EE in D:\C\sorting\quick_sort.exe: sorting()
#14 0x0041E9EE in D:\C\sorting\quick_sort.exe: sorting()
#15 0x0041E9EE in D:\C\sorting\quick_sort.exe: sorting()
#16 0x0041E9EE in D:\C\sorting\quick_sort.exe: sorting()
#17 0x0041E9EE in D:\C\sorting\quick_sort.exe: sorting()
#18 0x0041E9EE in D:\C\sorting\quick_sort.exe: sorting()
#19 0x0041E9EE in D:\C\sorting\quick_sort.exe: sorting()
#20 0x0041E9EE in D:\C\sorting\quick_sort.exe: sorting()
#21 0x0041E9EE in D:\C\sorting\quick_sort.exe: sorting()
#22 0x0041E9EE in D:\C\sorting\quick_sort.exe: sorting()
#23 0x0041E9EE in D:\C\sorting\quick_sort.exe: sorting()
#24 0x0041E9EE in D:\C\sorting\quick_sort.exe: sorting()
#25 0x0041E9EE in D:\C\sorting\quick_sort.exe: sorting()
#26 0x0041E9EE in D:\C\sorting\quick_sort.exe: sorting()
#27 0x0041E9EE in D:\C\sorting\quick_sort.exe: sorting()
#28 0x0041E9EE in D:\C\sorting\quick_sort.exe: sorting()
#29 0x0041E9EE in D:\C\sorting\quick_sort.exe: sorting()
#30 0x0041E9EE in D:\C\sorting\quick_sort.exe: sorting()
#31 0x0041E9EE in D:\C\sorting\quick_sort.exe: sorting()
#32 0x0041E9EE in D:\C\sorting\quick_sort.exe: sorting()
#33 0x0041E9EE in D:\C\sorting\quick_sort.exe: sorting()
#34 0x0041E9EE in D:\C\sorting\quick_sort.exe: sorting()
#35 0x0041E9EE in D:\C\sorting\quick_sort.exe: sorting()
#36 0x0041E9EE in D:\C\sorting\quick_sort.exe: sorting()
#37 0x0041E9EE in D:\C\sorting\quick_sort.exe: sorting()
#38 0x0041E9EE in D:\C\sorting\quick_sort.exe: sorting()
#39 0x0041E9EE in D:\C\sorting\quick_sort.exe: sorting()
#40 0x0041E9EE in D:\C\sorting\quick_sort.exe: sorting()
#41 0x0041E9EE in D:\C\sorting\quick_sort.exe: sorting()
#42 0x0041E9EE in D:\C\sorting\quick_sort.exe: sorting()
#43 0x0041E9EE in D:\C\sorting\quick_sort.exe: sorting()
#44 0x0041E9EE in D:\C\sorting\quick_sort.exe: sorting()
#45 0x0041E9EE in D:\C\sorting\quick_sort.exe: sorting()
#46 0x0041E9EE in D:\C\sorting\quick_sort.exe: sorting()
#47 0x0041E9EE in D:\C\sorting\quick_sort.exe: sorting()
#48 0x0041E9EE in D:\C\sorting\quick_sort.exe: sorting()
#49 0x0041E9EE in D:\C\sorting\quick_sort.exe: sorting()
#50 0x0041E9EE in D:\C\sorting\quick_sort.exe: sorting()
#51 0x0041E9EE in D:\C\sorting\quick_sort.exe: sorting()
#52 0x0041E9EE in D:\C\sorting\quick_sort.exe: sorting()
#53 0x0041E9EE in D:\C\sorting\quick_sort.exe: sorting()
#54 0x0041E9EE in D:\C\sorting\quick_sort.exe: sorting()
#55 0x0041E9EE in D:\C\sorting\quick_sort.exe: sorting()
#56 0x0041E9EE in D:\C\sorting\quick_sort.exe: sorting()
#57 0x0041E9EE in D:\C\sorting\quick_sort.exe: sorting()
#58 0x0041E9EE in D:\C\sorting\quick_sort.exe: sorting()
#59 0x0041E9EE in D:\C\sorting\quick_sort.exe: sorting()
#60 0x0041E9EE in D:\C\sorting\quick_sort.exe: sorting()
#61 0x0041E9EE in D:\C\sorting\quick_sort.exe: sorting()

TXLib печалится: Нет информации об исходных файлах. Вы не забыли опцию -g при компиляции?

--------------------------------------------------
Developed with:

The Dumb Artist Library (TX Library)
TXLib [Ver: 00173a, Rev: 175, Date: 2025-12-31 23:02:50 +0400]
Copyright (C) Ded (Ilya Dedinsky, http://txlib.ru) <mail@txlib.ru>
See license on: http://txlib.ru

TXLib file:	c:\users\user\codeblocks\mingw\include\txlib.h
Compiled:	Sep 13 2026 23:38:23, GNU g++ 4.8.1, std=201103L, MinGW Runtime 3.20, 32-bit, Debug
Started:	Sep 13 2026 23:38:57

Run file:	D:\C\sorting\quick_sort.exe
Directory:	D:\C\sorting

--------------------------------------------------

--------------------------------------------------
TXLib соболезнует...

Программа: D:\C\sorting\quick_sort.exe,

ВНЕЗАПНО: Ю-ху! Переполнение стека!

#1: Исключение EXCEPTION_STACK_OVERFLOW (0xC00000FD) при выполнении кода по адресу 0x0041E90F в функции sorting() в модуле D:\C\sorting\quick_sort.exe. Спасибо _txUnhandledExceptionFilter(), что сообщил. Люблю его <3

С помощью функции _set_se_translator() вы можете сами обработать эту ошибку.

#2: TXLib [Ver: 00173a, Rev: 175, Date: 2025-12-31 23:02:50 +0400], Instance: 0x004F61DC (32-bit), Flags: Cmdre0, Thread: 0x35B4 (Main). 

--------------------------------------------------
Стек вызовов:

# 0 0x0041E90F in D:\C\sorting\quick_sort.exe: sorting()
# 1 0x0041E9EE in D:\C\sorting\quick_sort.exe: sorting()
# 2 0x0041E9EE in D:\C\sorting\quick_sort.exe: sorting()
# 3 0x0041E9EE in D:\C\sorting\quick_sort.exe: sorting()
# 4 0x0041E9EE in D:\C\sorting\quick_sort.exe: sorting()
# 5 0x0041E9EE in D:\C\sorting\quick_sort.exe: sorting()
# 6 0x0041E9EE in D:\C\sorting\quick_sort.exe: sorting()
# 7 0x0041E9EE in D:\C\sorting\quick_sort.exe: sorting()
# 8 0x0041E9EE in D:\C\sorting\quick_sort.exe: sorting()
# 9 0x0041E9EE in D:\C\sorting\quick_sort.exe: sorting()
#10 0x0041E9EE in D:\C\sorting\quick_sort.exe: sorting()
#11 0x0041E9EE in D:\C\sorting\quick_sort.exe: sorting()
#12 0x0041E9EE in D:\C\sorting\quick_sort.exe: sorting()
#13 0x0041E9EE in D:\C\sorting\quick_sort.exe: sorting()
#14 0x0041E9EE in D:\C\sorting\quick_sort.exe: sorting()
#15 0x0041E9EE in D:\C\sorting\quick_sort.exe: sorting()
#16 0x0041E9EE in D:\C\sorting\quick_sort.exe: sorting()
#17 0x0041E9EE in D:\C\sorting\quick_sort.exe: sorting()
#18 0x0041E9EE in D:\C\sorting\quick_sort.exe: sorting()
#19 0x0041E9EE in D:\C\sorting\quick_sort.exe: sorting()
#20 0x0041E9EE in D:\C\sorting\quick_sort.exe: sorting()
#21 0x0041E9EE in D:\C\sorting\quick_sort.exe: sorting()
#22 0x0041E9EE in D:\C\sorting\quick_sort.exe: sorting()
#23 0x0041E9EE in D:\C\sorting\quick_sort.exe: sorting()
#24 0x0041E9EE in D:\C\sorting\quick_sort.exe: sorting()
#25 0x0041E9EE in D:\C\sorting\quick_sort.exe: sorting()
#26 0x0041E9EE in D:\C\sorting\quick_sort.exe: sorting()
#27 0x0041E9EE in D:\C\sorting\quick_sort.exe: sorting()
#28 0x0041E9EE in D:\C\sorting\quick_sort.exe: sorting()
#29 0x0041E9EE in D:\C\sorting\quick_sort.exe: sorting()
#30 0x0041E9EE in D:\C\sorting\quick_sort.exe: sorting()
#31 0x0041E9EE in D:\C\sorting\quick_sort.exe: sorting()
#32 0x0041E9EE in D:\C\sorting\quick_sort.exe: sorting()
#33 0x0041E9EE in D:\C\sorting\quick_sort.exe: sorting()
#34 0x0041E9EE in D:\C\sorting\quick_sort.exe: sorting()
#35 0x0041E9EE in D:\C\sorting\quick_sort.exe: sorting()
#36 0x0041E9EE in D:\C\sorting\quick_sort.exe: sorting()
#37 0x0041E9EE in D:\C\sorting\quick_sort.exe: sorting()
#38 0x0041E9EE in D:\C\sorting\quick_sort.exe: sorting()
#39 0x0041E9EE in D:\C\sorting\quick_sort.exe: sorting()
#40 0x0041E9EE in D:\C\sorting\quick_sort.exe: sorting()
#41 0x0041E9EE in D:\C\sorting\quick_sort.exe: sorting()
#42 0x0041E9EE in D:\C\sorting\quick_sort.exe: sorting()
#43 0x0041E9EE in D:\C\sorting\quick_sort.exe: sorting()
#44 0x0041E9EE in D:\C\sorting\quick_sort.exe: sorting()
#45 0x0041E9EE in D:\C\sorting\quick_sort.exe: sorting()
#46 0x0041E9EE in D:\C\sorting\quick_sort.exe: sorting()
#47 0x0041E9EE in D:\C\sorting\quick_sort.exe: sorting()
#48 0x0041E9EE in D:\C\sorting\quick_sort.exe: sorting()
#49 0x0041E9EE in D:\C\sorting\quick_sort.exe: sorting()
#50 0x0041E9EE in D:\C\sorting\quick_sort.exe: sorting()
#51 0x0041E9EE in D:\C\sorting\quick_sort.exe: sorting()
#52 0x0041E9EE in D:\C\sorting\quick_sort.exe: sorting()
#53 0x0041E9EE in D:\C\sorting\quick_sort.exe: sorting()
#54 0x0041E9EE in D:\C\sorting\quick_sort.exe: sorting()
#55 0x0041E9EE in D:\C\sorting\quick_sort.exe: sorting()
#56 0x0041E9EE in D:\C\sorting\quick_sort.exe: sorting()
#57 0x0041E9EE in D:\C\sorting\quick_sort.exe: sorting()
#58 0x0041E9EE in D:\C\sorting\quick_sort.exe: sorting()
#59 0x0041E9EE in D:\C\sorting\quick_sort.exe: sorting()
#60 0x0041E9EE in D:\C\sorting\quick_sort.exe: sorting()
#61 0x0041E9EE in D:\C\sorting\quick_sort.exe: sorting()

TXLib печалится: Нет информации об исходных файлах. Вы не забыли опцию -g при компиляции?

--------------------------------------------------
Developed with:

The Dumb Artist Library (TX Library)
TXLib [Ver: 00173a, Rev: 175, Date: 2025-12-31 23:02:50 +0400]
Copyright (C) Ded (Ilya Dedinsky, http://txlib.ru) <mail@txlib.ru>
See license on: http://txlib.ru

TXLib file:	c:\users\user\codeblocks\mingw\include\txlib.h
Compiled:	Sep 13 2026 23:38:23, GNU g++ 4.8.1, std=201103L, MinGW Runtime 3.20, 32-bit, Debug
Started:	Sep 13 2026 23:38:57

Run file:	D:\C\sorting\quick_sort.exe
Directory:	D:\C\sorting

--------------------------------------------------

--------------------------------------------------
TXLib предупреждает:

Программа: D:\C\sorting\quick_sort.exe,

ВНЕЗАПНО: Ю-ху! Переполнение стека!

#1: Исключение EXCEPTION_STACK_OVERFLOW (0xC00000FD) при выполнении кода по адресу 0x0041E90F в функции sorting() в модуле D:\C\sorting\quick_sort.exe. Спасибо _txUnhandledExceptionFilter(), что сообщил. Люблю его <3

#1: TXLib [Ver: 00173a, Rev: 175, Date: 2025-12-31 23:02:50 +0400], Instance: 0x004F61DC (32-bit), Flags: Cmdre0, Thread: 0x2078 (Main). 

--------------------------------------------------
Стек вызовов:

# 0 0x0041E90F in D:\C\sorting\quick_sort.exe: sorting()
# 1 0x0041E9EE in D:\C\sorting\quick_sort.exe: sorting()
# 2 0x0041E9EE in D:\C\sorting\quick_sort.exe: sorting()
# 3 0x0041E9EE in D:\C\sorting\quick_sort.exe: sorting()
# 4 0x0041E9EE in D:\C\sorting\quick_sort.exe: sorting()
# 5 0x0041E9EE in D:\C\sorting\quick_sort.exe: sorting()
# 6 0x0041E9EE in D:\C\sorting\quick_sort.exe: sorting()
# 7 0x0041E9EE in D:\C\sorting\quick_sort.exe: sorting()
# 8 0x0041E9EE in D:\C\sorting\quick_sort.exe: sorting()
# 9 0x0041E9EE in D:\C\sorting\quick_sort.exe: sorting()
#10 0x0041E9EE in D:\C\sorting\quick_sort.exe: sorting()
#11 0x0041E9EE in D:\C\sorting\quick_sort.exe: sorting()
#12 0x0041E9EE in D:\C\sorting\quick_sort.exe: sorting()
#13 0x0041E9EE in D:\C\sorting\quick_sort.exe: sorting()
#14 0x0041E9EE in D:\C\sorting\quick_sort.exe: sorting()
#15 0x0041E9EE in D:\C\sorting\quick_sort.exe: sorting()
#16 0x0041E9EE in D:\C\sorting\quick_sort.exe: sorting()
#17 0x0041E9EE in D:\C\sorting\quick_sort.exe: sorting()
#18 0x0041E9EE in D:\C\sorting\quick_sort.exe: sorting()
#19 0x0041E9EE in D:\C\sorting\quick_sort.exe: sorting()
#20 0x0041E9EE in D:\C\sorting\quick_sort.exe: sorting()
#21 0x0041E9EE in D:\C\sorting\quick_sort.exe: sorting()
#22 0x0041E9EE in D:\C\sorting\quick_sort.exe: sorting()
#23 0x0041E9EE in D:\C\sorting\quick_sort.exe: sorting()
#24 0x0041E9EE in D:\C\sorting\quick_sort.exe: sorting()
#25 0x0041E9EE in D:\C\sorting\quick_sort.exe: sorting()
#26 0x0041E9EE in D:\C\sorting\quick_sort.exe: sorting()
#27 0x0041E9EE in D:\C\sorting\quick_sort.exe: sorting()
#28 0x0041E9EE in D:\C\sorting\quick_sort.exe: sorting()
#29 0x0041E9EE in D:\C\sorting\quick_sort.exe: sorting()
#30 0x0041E9EE in D:\C\sorting\quick_sort.exe: sorting()
#31 0x0041E9EE in D:\C\sorting\quick_sort.exe: sorting()
#32 0x0041E9EE in D:\C\sorting\quick_sort.exe: sorting()
#33 0x0041E9EE in D:\C\sorting\quick_sort.exe: sorting()
#34 0x0041E9EE in D:\C\sorting\quick_sort.exe: sorting()
#35 0x0041E9EE in D:\C\sorting\quick_sort.exe: sorting()
#36 0x0041E9EE in D:\C\sorting\quick_sort.exe: sorting()
#37 0x0041E9EE in D:\C\sorting\quick_sort.exe: sorting()
#38 0x0041E9EE in D:\C\sorting\quick_sort.exe: sorting()
#39 0x0041E9EE in D:\C\sorting\quick_sort.exe: sorting()
#40 0x0041E9EE in D:\C\sorting\quick_sort.exe: sorting()
#41 0x0041E9EE in D:\C\sorting\quick_sort.exe: sorting()
#42 0x0041E9EE in D:\C\sorting\quick_sort.exe: sorting()
#43 0x0041E9EE in D:\C\sorting\quick_sort.exe: sorting()
#44 0x0041E9EE in D:\C\sorting\quick_sort.exe: sorting()
#45 0x0041E9EE in D:\C\sorting\quick_sort.exe: sorting()
#46 0x0041E9EE in D:\C\sorting\quick_sort.exe: sorting()
#47 0x0041E9EE in D:\C\sorting\quick_sort.exe: sorting()
#48 0x0041E9EE in D:\C\sorting\quick_sort.exe: sorting()
#49 0x0041E9EE in D:\C\sorting\quick_sort.exe: sorting()
#50 0x0041E9EE in D:\C\sorting\quick_sort.exe: sorting()
#51 0x0041E9EE in D:\C\sorting\quick_sort.exe: sorting()
#52 0x0041E9EE in D:\C\sorting\quick_sort.exe: sorting()
#53 0x0041E9EE in D:\C\sorting\quick_sort.exe: sorting()
#54 0x0041E9EE in D:\C\sorting\quick_sort.exe: sorting()
#55 0x0041E9EE in D:\C\sorting\quick_sort.exe: sorting()
#56 0x0041E9EE in D:\C\sorting\quick_sort.exe: sorting()
#57 0x0041E9EE in D:\C\sorting\quick_sort.exe: sorting()
#58 0x0041E9EE in D:\C\sorting\quick_sort.exe: sorting()
#59 0x0041E9EE in D:\C\sorting\quick_sort.exe: sorting()
#60 0x0041E9EE in D:\C\sorting\quick_sort.exe: sorting()
#61 0x0041E9EE in D:\C\sorting\quick_sort.exe: sorting()

TXLib печалится: Нет информации об исходных файлах. Вы не забыли опцию -g при компиляции?

--------------------------------------------------
Developed with:

The Dumb Artist Library (TX Library)
TXLib [Ver: 00173a, Rev: 175, Date: 2025-12-31 23:02:50 +0400]
Copyright (C) Ded (Ilya Dedinsky, http://txlib.ru) <mail@txlib.ru>
See license on: http://txlib.ru

TXLib file:	c:\users\user\codeblocks\mingw\include\txlib.h
Compiled:	Sep 13 2026 23:38:23, GNU g++ 4.8.1, std=201103L, MinGW Runtime 3.20, 32-bit, Debug
Started:	Sep 13 2026 23:39:07

Run file:	D:\C\sorting\quick_sort.exe
Directory:	D:\C\sorting

--------------------------------------------------

--------------------------------------------------
TXLib соболезнует...

Программа: D:\C\sorting\quick_sort.exe,

ВНЕЗАПНО: Ю-ху! Переполнение стека!

#1: Исключение EXCEPTION_STACK_OVERFLOW (0xC00000FD) при выполнении кода по адресу 0x0041E90F в функции sorting() в модуле D:\C\sorting\quick_sort.exe. Спасибо _txUnhandledExceptionFilter(), что сообщил. Люблю его <3

С помощью функции _set_se_translator() вы можете сами обработать эту ошибку.

#2: TXLib [Ver: 00173a, Rev: 175, Date: 2025-12-31 23:02:50 +0400], Instance: 0x004F61DC (32-bit), Flags: Cmdre0, Thread: 0x2078 (Main). 

--------------------------------------------------
Стек вызовов:

# 0 0x0041E90F in D:\C\sorting\quick_sort.exe: sorting()
# 1 0x0041E9EE in D:\C\sorting\quick_sort.exe: sorting()
# 2 0x0041E9EE in D:\C\sorting\quick_sort.exe: sorting()
# 3 0x0041E9EE in D:\C\sorting\quick_sort.exe: sorting()
# 4 0x0041E9EE in D:\C\sorting\quick_sort.exe: sorting()
# 5 0x0041E9EE in D:\C\sorting\quick_sort.exe: sorting()
# 6 0x0041E9EE in D:\C\sorting\quick_sort.exe: sorting()
# 7 0x0041E9EE in D:\C\sorting\quick_sort.exe: sorting()
# 8 0x0041E9EE in D:\C\sorting\quick_sort.exe: sorting()
# 9 0x0041E9EE in D:\C\sorting\quick_sort.exe: sorting()
#10 0x0041E9EE in D:\C\sorting\quick_sort.exe: sorting()
#11 0x0041E9EE in D:\C\sorting\quick_sort.exe: sorting()
#12 0x0041E9EE in D:\C\sorting\quick_sort.exe: sorting()
#13 0x0041E9EE in D:\C\sorting\quick_sort.exe: sorting()
#14 0x0041E9EE in D:\C\sorting\quick_sort.exe: sorting()
#15 0x0041E9EE in D:\C\sorting\quick_sort.exe: sorting()
#16 0x0041E9EE in D:\C\sorting\quick_sort.exe: sorting()
#17 0x0041E9EE in D:\C\sorting\quick_sort.exe: sorting()
#18 0x0041E9EE in D:\C\sorting\quick_sort.exe: sorting()
#19 0x0041E9EE in D:\C\sorting\quick_sort.exe: sorting()
#20 0x0041E9EE in D:\C\sorting\quick_sort.exe: sorting()
#21 0x0041E9EE in D:\C\sorting\quick_sort.exe: sorting()
#22 0x0041E9EE in D:\C\sorting\quick_sort.exe: sorting()
#23 0x0041E9EE in D:\C\sorting\quick_sort.exe: sorting()
#24 0x0041E9EE in D:\C\sorting\quick_sort.exe: sorting()
#25 0x0041E9EE in D:\C\sorting\quick_sort.exe: sorting()
#26 0x0041E9EE in D:\C\sorting\quick_sort.exe: sorting()
#27 0x0041E9EE in D:\C\sorting\quick_sort.exe: sorting()
#28 0x0041E9EE in D:\C\sorting\quick_sort.exe: sorting()
#29 0x0041E9EE in D:\C\sorting\quick_sort.exe: sorting()
#30 0x0041E9EE in D:\C\sorting\quick_sort.exe: sorting()
#31 0x0041E9EE in D:\C\sorting\quick_sort.exe: sorting()
#32 0x0041E9EE in D:\C\sorting\quick_sort.exe: sorting()
#33 0x0041E9EE in D:\C\sorting\quick_sort.exe: sorting()
#34 0x0041E9EE in D:\C\sorting\quick_sort.exe: sorting()
#35 0x0041E9EE in D:\C\sorting\quick_sort.exe: sorting()
#36 0x0041E9EE in D:\C\sorting\quick_sort.exe: sorting()
#37 0x0041E9EE in D:\C\sorting\quick_sort.exe: sorting()
#38 0x0041E9EE in D:\C\sorting\quick_sort.exe: sorting()
#39 0x0041E9EE in D:\C\sorting\quick_sort.exe: sorting()
#40 0x0041E9EE in D:\C\sorting\quick_sort.exe: sorting()
#41 0x0041E9EE in D:\C\sorting\quick_sort.exe: sorting()
#42 0x0041E9EE in D:\C\sorting\quick_sort.exe: sorting()
#43 0x0041E9EE in D:\C\sorting\quick_sort.exe: sorting()
#44 0x0041E9EE in D:\C\sorting\quick_sort.exe: sorting()
#45 0x0041E9EE in D:\C\sorting\quick_sort.exe: sorting()
#46 0x0041E9EE in D:\C\sorting\quick_sort.exe: sorting()
#47 0x0041E9EE in D:\C\sorting\quick_sort.exe: sorting()
#48 0x0041E9EE in D:\C\sorting\quick_sort.exe: sorting()
#49 0x0041E9EE in D:\C\sorting\quick_sort.exe: sorting()
#50 0x0041E9EE in D:\C\sorting\quick_sort.exe: sorting()
#51 0x0041E9EE in D:\C\sorting\quick_sort.exe: sorting()
#52 0x0041E9EE in D:\C\sorting\quick_sort.exe: sorting()
#53 0x0041E9EE in D:\C\sorting\quick_sort.exe: sorting()
#54 0x0041E9EE in D:\C\sorting\quick_sort.exe: sorting()
#55 0x0041E9EE in D:\C\sorting\quick_sort.exe: sorting()
#56 0x0041E9EE in D:\C\sorting\quick_sort.exe: sorting()
#57 0x0041E9EE in D:\C\sorting\quick_sort.exe: sorting()
#58 0x0041E9EE in D:\C\sorting\quick_sort.exe: sorting()
#59 0x0041E9EE in D:\C\sorting\quick_sort.exe: sorting()
#60 0x0041E9EE in D:\C\sorting\quick_sort.exe: sorting()
#61 0x0041E9EE in D:\C\sorting\quick_sort.exe: sorting()

TXLib печалится: Нет информации об исходных файлах. Вы не забыли опцию -g при компиляции?

--------------------------------------------------
Developed with:

The Dumb Artist Library (TX Library)
TXLib [Ver: 00173a, Rev: 175, Date: 2025-12-31 23:02:50 +0400]
Copyright (C) Ded (Ilya Dedinsky, http://txlib.ru) <mail@txlib.ru>
See license on: http://txlib.ru

TXLib file:	c:\users\user\codeblocks\mingw\include\txlib.h
Compiled:	Sep 13 2026 23:38:23, GNU g++ 4.8.1, std=201103L, MinGW Runtime 3.20, 32-bit, Debug
Started:	Sep 13 2026 23:39:07

Run file:	D:\C\sorting\quick_sort.exe
Directory:	D:\C\sorting

--------------------------------------------------

--------------------------------------------------
TXLib предупреждает:

Программа: D:\C\sorting\quick_sort.exe,

ВНЕЗАПНО: Ю-ху! Переполнение стека!

#1: Исключение EXCEPTION_STACK_OVERFLOW (0xC00000FD) при выполнении кода по адресу 0x0041E90F в функции sorting() в модуле D:\C\sorting\quick_sort.exe. Спасибо _txUnhandledExceptionFilter(), что сообщил. Люблю его <3

#1: TXLib [Ver: 00173a, Rev: 175, Date: 2025-12-31 23:02:50 +0400], Instance: 0x004F61DC (32-bit), Flags: Cmdre0, Thread: 0x2DE0 (Main). 

--------------------------------------------------
Стек вызовов:

# 0 0x0041E90F in D:\C\sorting\quick_sort.exe: sorting()
# 1 0x0041E9E4 in D:\C\sorting\quick_sort.exe: sorting()
# 2 0x0041E9E4 in D:\C\sorting\quick_sort.exe: sorting()
# 3 0x0041E9E4 in D:\C\sorting\quick_sort.exe: sorting()
# 4 0x0041E9E4 in D:\C\sorting\quick_sort.exe: sorting()
# 5 0x0041E9E4 in D:\C\sorting\quick_sort.exe: sorting()
# 6 0x0041E9E4 in D:\C\sorting\quick_sort.exe: sorting()
# 7 0x0041E9E4 in D:\C\sorting\quick_sort.exe: sorting()
# 8 0x0041E9E4 in D:\C\sorting\quick_sort.exe: sorting()
# 9 0x0041E9E4 in D:\C\sorting\quick_sort.exe: sorting()
#10 0x0041E9E4 in D:\C\sorting\quick_sort.exe: sorting()
#11 0x0041E9E4 in D:\C\sorting\quick_sort.exe: sorting()
#12 0x0041E9E4 in D:\C\sorting\quick_sort.exe: sorting()
#13 0x0041E9E4 in D:\C\sorting\quick_sort.exe: sorting()
#14 0x0041E9E4 in D:\C\sorting\quick_sort.exe: sorting()
#15 0x0041E9E4 in D:\C\sorting\quick_sort.exe: sorting()
#16 0x0041E9E4 in D:\C\sorting\quick_sort.exe: sorting()
#17 0x0041E9E4 in D:\C\sorting\quick_sort.exe: sorting()
#18 0x0041E9E4 in D:\C\sorting\quick_sort.exe: sorting()
#19 0x0041E9E4 in D:\C\sorting\quick_sort.exe: sorting()
#20 0x0041E9E4 in D:\C\sorting\quick_sort.exe: sorting()
#21 0x0041E9E4 in D:\C\sorting\quick_sort.exe: sorting()
#22 0x0041E9E4 in D:\C\sorting\quick_sort.exe: sorting()
#23 0x0041E9E4 in D:\C\sorting\quick_sort.exe: sorting()
#24 0x0041E9E4 in D:\C\sorting\quick_sort.exe: sorting()
#25 0x0041E9E4 in D:\C\sorting\quick_sort.exe: sorting()
#26 0x0041E9E4 in D:\C\sorting\quick_sort.exe: sorting()
#27 0x0041E9E4 in D:\C\sorting\quick_sort.exe: sorting()
#28 0x0041E9E4 in D:\C\sorting\quick_sort.exe: sorting()
#29 0x0041E9E4 in D:\C\sorting\quick_sort.exe: sorting()
#30 0x0041E9E4 in D:\C\sorting\quick_sort.exe: sorting()
#31 0x0041E9E4 in D:\C\sorting\quick_sort.exe: sorting()
#32 0x0041E9E4 in D:\C\sorting\quick_sort.exe: sorting()
#33 0x0041E9E4 in D:\C\sorting\quick_sort.exe: sorting()
#34 0x0041E9E4 in D:\C\sorting\quick_sort.exe: sorting()
#35 0x0041E9E4 in D:\C\sorting\quick_sort.exe: sorting()
#36 0x0041E9E4 in D:\C\sorting\quick_sort.exe: sorting()
#37 0x0041E9E4 in D:\C\sorting\quick_sort.exe: sorting()
#38 0x0041E9E4 in D:\C\sorting\quick_sort.exe: sorting()
#39 0x0041E9E4 in D:\C\sorting\quick_sort.exe: sorting()
#40 0x0041E9E4 in D:\C\sorting\quick_sort.exe: sorting()
#41 0x0041E9E4 in D:\C\sorting\quick_sort.exe: sorting()
#42 0x0041E9E4 in D:\C\sorting\quick_sort.exe: sorting()
#43 0x0041E9E4 in D:\C\sorting\quick_sort.exe: sorting()
#44 0x0041E9E4 in D:\C\sorting\quick_sort.exe: sorting()
#45 0x0041E9E4 in D:\C\sorting\quick_sort.exe: sorting()
#46 0x0041E9E4 in D:\C\sorting\quick_sort.exe: sorting()
#47 0x0041E9E4 in D:\C\sorting\quick_sort.exe: sorting()
#48 0x0041E9E4 in D:\C\sorting\quick_sort.exe: sorting()
#49 0x0041E9E4 in D:\C\sorting\quick_sort.exe: sorting()
#50 0x0041E9E4 in D:\C\sorting\quick_sort.exe: sorting()
#51 0x0041E9E4 in D:\C\sorting\quick_sort.exe: sorting()
#52 0x0041E9E4 in D:\C\sorting\quick_sort.exe: sorting()
#53 0x0041E9E4 in D:\C\sorting\quick_sort.exe: sorting()
#54 0x0041E9E4 in D:\C\sorting\quick_sort.exe: sorting()
#55 0x0041E9E4 in D:\C\sorting\quick_sort.exe: sorting()
#56 0x0041E9E4 in D:\C\sorting\quick_sort.exe: sorting()
#57 0x0041E9E4 in D:\C\sorting\quick_sort.exe: sorting()
#58 0x0041E9E4 in D:\C\sorting\quick_sort.exe: sorting()
#59 0x0041E9E4 in D:\C\sorting\quick_sort.exe: sorting()
#60 0x0041E9E4 in D:\C\sorting\quick_sort.exe: sorting()
#61 0x0041E9E4 in D:\C\sorting\quick_sort.exe: sorting()

TXLib печалится: Нет информации об исходных файлах. Вы не забыли опцию -g при компиляции?

--------------------------------------------------
Developed with:

The Dumb Artist Library (TX Library)
TXLib [Ver: 00173a, Rev: 175, Date: 2025-12-31 23:02:50 +0400]
Copyright (C) Ded (Ilya Dedinsky, http://txlib.ru) <mail@txlib.ru>
See license on: http://txlib.ru

TXLib file:	c:\users\user\codeblocks\mingw\include\txlib.h
Compiled:	Sep 13 2026 23:48:05, GNU g++ 4.8.1, std=201103L, MinGW Runtime 3.20, 32-bit, Debug
Started:	Sep 13 2026 23:48:08

Run file:	D:\C\sorting\quick_sort.exe
Directory:	D:\C\sorting

--------------------------------------------------

--------------------------------------------------
TXLib соболезнует...

Программа: D:\C\sorting\quick_sort.exe,

ВНЕЗАПНО: Ю-ху! Переполнение стека!

#1: Исключение EXCEPTION_STACK_OVERFLOW (0xC00000FD) при выполнении кода по адресу 0x0041E90F в функции sorting() в модуле D:\C\sorting\quick_sort.exe. Спасибо _txUnhandledExceptionFilter(), что сообщил. Люблю его <3

С помощью функции _set_se_translator() вы можете сами обработать эту ошибку.

#2: TXLib [Ver: 00173a, Rev: 175, Date: 2025-12-31 23:02:50 +0400], Instance: 0x004F61DC (32-bit), Flags: Cmdre0, Thread: 0x2DE0 (Main). 

--------------------------------------------------
Стек вызовов:

# 0 0x0041E90F in D:\C\sorting\quick_sort.exe: sorting()
# 1 0x0041E9E4 in D:\C\sorting\quick_sort.exe: sorting()
# 2 0x0041E9E4 in D:\C\sorting\quick_sort.exe: sorting()
# 3 0x0041E9E4 in D:\C\sorting\quick_sort.exe: sorting()
# 4 0x0041E9E4 in D:\C\sorting\quick_sort.exe: sorting()
# 5 0x0041E9E4 in D:\C\sorting\quick_sort.exe: sorting()
# 6 0x0041E9E4 in D:\C\sorting\quick_sort.exe: sorting()
# 7 0x0041E9E4 in D:\C\sorting\quick_sort.exe: sorting()
# 8 0x0041E9E4 in D:\C\sorting\quick_sort.exe: sorting()
# 9 0x0041E9E4 in D:\C\sorting\quick_sort.exe: sorting()
#10 0x0041E9E4 in D:\C\sorting\quick_sort.exe: sorting()
#11 0x0041E9E4 in D:\C\sorting\quick_sort.exe: sorting()
#12 0x0041E9E4 in D:\C\sorting\quick_sort.exe: sorting()
#13 0x0041E9E4 in D:\C\sorting\quick_sort.exe: sorting()
#14 0x0041E9E4 in D:\C\sorting\quick_sort.exe: sorting()
#15 0x0041E9E4 in D:\C\sorting\quick_sort.exe: sorting()
#16 0x0041E9E4 in D:\C\sorting\quick_sort.exe: sorting()
#17 0x0041E9E4 in D:\C\sorting\quick_sort.exe: sorting()
#18 0x0041E9E4 in D:\C\sorting\quick_sort.exe: sorting()
#19 0x0041E9E4 in D:\C\sorting\quick_sort.exe: sorting()
#20 0x0041E9E4 in D:\C\sorting\quick_sort.exe: sorting()
#21 0x0041E9E4 in D:\C\sorting\quick_sort.exe: sorting()
#22 0x0041E9E4 in D:\C\sorting\quick_sort.exe: sorting()
#23 0x0041E9E4 in D:\C\sorting\quick_sort.exe: sorting()
#24 0x0041E9E4 in D:\C\sorting\quick_sort.exe: sorting()
#25 0x0041E9E4 in D:\C\sorting\quick_sort.exe: sorting()
#26 0x0041E9E4 in D:\C\sorting\quick_sort.exe: sorting()
#27 0x0041E9E4 in D:\C\sorting\quick_sort.exe: sorting()
#28 0x0041E9E4 in D:\C\sorting\quick_sort.exe: sorting()
#29 0x0041E9E4 in D:\C\sorting\quick_sort.exe: sorting()
#30 0x0041E9E4 in D:\C\sorting\quick_sort.exe: sorting()
#31 0x0041E9E4 in D:\C\sorting\quick_sort.exe: sorting()
#32 0x0041E9E4 in D:\C\sorting\quick_sort.exe: sorting()
#33 0x0041E9E4 in D:\C\sorting\quick_sort.exe: sorting()
#34 0x0041E9E4 in D:\C\sorting\quick_sort.exe: sorting()
#35 0x0041E9E4 in D:\C\sorting\quick_sort.exe: sorting()
#36 0x0041E9E4 in D:\C\sorting\quick_sort.exe: sorting()
#37 0x0041E9E4 in D:\C\sorting\quick_sort.exe: sorting()
#38 0x0041E9E4 in D:\C\sorting\quick_sort.exe: sorting()
#39 0x0041E9E4 in D:\C\sorting\quick_sort.exe: sorting()
#40 0x0041E9E4 in D:\C\sorting\quick_sort.exe: sorting()
#41 0x0041E9E4 in D:\C\sorting\quick_sort.exe: sorting()
#42 0x0041E9E4 in D:\C\sorting\quick_sort.exe: sorting()
#43 0x0041E9E4 in D:\C\sorting\quick_sort.exe: sorting()
#44 0x0041E9E4 in D:\C\sorting\quick_sort.exe: sorting()
#45 0x0041E9E4 in D:\C\sorting\quick_sort.exe: sorting()
#46 0x0041E9E4 in D:\C\sorting\quick_sort.exe: sorting()
#47 0x0041E9E4 in D:\C\sorting\quick_sort.exe: sorting()
#48 0x0041E9E4 in D:\C\sorting\quick_sort.exe: sorting()
#49 0x0041E9E4 in D:\C\sorting\quick_sort.exe: sorting()
#50 0x0041E9E4 in D:\C\sorting\quick_sort.exe: sorting()
#51 0x0041E9E4 in D:\C\sorting\quick_sort.exe: sorting()
#52 0x0041E9E4 in D:\C\sorting\quick_sort.exe: sorting()
#53 0x0041E9E4 in D:\C\sorting\quick_sort.exe: sorting()
#54 0x0041E9E4 in D:\C\sorting\quick_sort.exe: sorting()
#55 0x0041E9E4 in D:\C\sorting\quick_sort.exe: sorting()
#56 0x0041E9E4 in D:\C\sorting\quick_sort.exe: sorting()
#57 0x0041E9E4 in D:\C\sorting\quick_sort.exe: sorting()
#58 0x0041E9E4 in D:\C\sorting\quick_sort.exe: sorting()
#59 0x0041E9E4 in D:\C\sorting\quick_sort.exe: sorting()
#60 0x0041E9E4 in D:\C\sorting\quick_sort.exe: sorting()
#61 0x0041E9E4 in D:\C\sorting\quick_sort.exe: sorting()

TXLib печалится: Нет информации об исходных файлах. Вы не забыли опцию -g при компиляции?

--------------------------------------------------
Developed with:

The Dumb Artist Library (TX Library)
TXLib [Ver: 00173a, Rev: 175, Date: 2025-12-31 23:02:50 +0400]
Copyright (C) Ded (Ilya Dedinsky, http://txlib.ru) <mail@txlib.ru>
See license on: http://txlib.ru

TXLib file:	c:\users\user\codeblocks\mingw\include\txlib.h
Compiled:	Sep 13 2026 23:48:05, GNU g++ 4.8.1, std=201103L, MinGW Runtime 3.20, 32-bit, Debug
Started:	Sep 13 2026 23:48:08

Run file:	D:\C\sorting\quick_sort.exe
Directory:	D:\C\sorting

--------------------------------------------------

--------------------------------------------------
TXLib соболезнует...

Программа: D:\C\sorting\quick_sort.exe,

ВНЕЗАПНО: signal (22, 0x00): SIGABRT: Аварийное завершение программы, вызвана функция abort(). 

С помощью функции signal() вы можете сами обработать эту ошибку.

#1: TXLib [Ver: 00173a, Rev: 175, Date: 2025-12-31 23:02:50 +0400], Instance: 0x004F61DC (32-bit), Flags: Cmdre0, Thread: 0x138C (Main). 

--------------------------------------------------
Стек вызовов:

# 0 0x0040B361 in D:\C\sorting\quick_sort.exe: (anonymous namespace)::TX::_txOnSignal()
# 1 0x77968F03 in C:\Windows\System32\msvcrt.dll: raise()
# 2 0x7796D3CB in C:\Windows\System32\msvcrt.dll: abort()
# 3 0x77969D47 in C:\Windows\System32\msvcrt.dll: assert()
# 4 0x0041E997 in D:\C\sorting\quick_sort.exe: sorting()
# 5 0x0041E8DE in D:\C\sorting\quick_sort.exe: main()

TXLib печалится: Нет информации об исходных файлах. Вы не забыли опцию -g при компиляции?

--------------------------------------------------
Developed with:

The Dumb Artist Library (TX Library)
TXLib [Ver: 00173a, Rev: 175, Date: 2025-12-31 23:02:50 +0400]
Copyright (C) Ded (Ilya Dedinsky, http://txlib.ru) <mail@txlib.ru>
See license on: http://txlib.ru

TXLib file:	c:\users\user\codeblocks\mingw\include\txlib.h
Compiled:	Sep 13 2026 23:51:26, GNU g++ 4.8.1, std=201103L, MinGW Runtime 3.20, 32-bit, Debug
Started:	Sep 13 2026 23:51:29

Run file:	D:\C\sorting\quick_sort.exe
Directory:	D:\C\sorting

--------------------------------------------------

--------------------------------------------------
TXLib соболезнует...

Программа: D:\C\sorting\quick_sort.exe,

ВНЕЗАПНО: signal (22, 0x00): SIGABRT: Аварийное завершение программы, вызвана функция abort(). 

С помощью функции signal() вы можете сами обработать эту ошибку.

#1: TXLib [Ver: 00173a, Rev: 175, Date: 2025-12-31 23:02:50 +0400], Instance: 0x004F61DC (32-bit), Flags: Cmdre0, Thread: 0x46D0 (Main). 

--------------------------------------------------
Стек вызовов:

# 0 0x0040B361 in D:\C\sorting\quick_sort.exe: (anonymous namespace)::TX::_txOnSignal()
# 1 0x77968F03 in C:\Windows\System32\msvcrt.dll: raise()
# 2 0x7796D3CB in C:\Windows\System32\msvcrt.dll: abort()
# 3 0x77969D47 in C:\Windows\System32\msvcrt.dll: assert()
# 4 0x0041E997 in D:\C\sorting\quick_sort.exe: sorting()
# 5 0x0041E8DE in D:\C\sorting\quick_sort.exe: main()

TXLib печалится: Нет информации об исходных файлах. Вы не забыли опцию -g при компиляции?

--------------------------------------------------
Developed with:

The Dumb Artist Library (TX Library)
TXLib [Ver: 00173a, Rev: 175, Date: 2025-12-31 23:02:50 +0400]
Copyright (C) Ded (Ilya Dedinsky, http://txlib.ru) <mail@txlib.ru>
See license on: http://txlib.ru

TXLib file:	c:\users\user\codeblocks\mingw\include\txlib.h
Compiled:	Sep 13 2026 23:51:26, GNU g++ 4.8.1, std=201103L, MinGW Runtime 3.20, 32-bit, Debug
Started:	Sep 13 2026 23:56:20

Run file:	D:\C\sorting\quick_sort.exe
Directory:	D:\C\sorting

--------------------------------------------------

--------------------------------------------------
TXLib соболезнует...

Программа: D:\C\sorting\quick_sort.exe,

ВНЕЗАПНО: signal (22, 0x00): SIGABRT: Аварийное завершение программы, вызвана функция abort(). 

С помощью функции signal() вы можете сами обработать эту ошибку.

#1: TXLib [Ver: 00173a, Rev: 175, Date: 2025-12-31 23:02:50 +0400], Instance: 0x004F61DC (32-bit), Flags: Cmdre0, Thread: 0x3284 (Main). 

--------------------------------------------------
Стек вызовов:

# 0 0x0040B361 in D:\C\sorting\quick_sort.exe: (anonymous namespace)::TX::_txOnSignal()
# 1 0x77968F03 in C:\Windows\System32\msvcrt.dll: raise()
# 2 0x7796D3CB in C:\Windows\System32\msvcrt.dll: abort()
# 3 0x77969D47 in C:\Windows\System32\msvcrt.dll: assert()
# 4 0x0041E9F9 in D:\C\sorting\quick_sort.exe: sorting()
# 5 0x0041E8EE in D:\C\sorting\quick_sort.exe: main()

TXLib печалится: Нет информации об исходных файлах. Вы не забыли опцию -g при компиляции?

--------------------------------------------------
Developed with:

The Dumb Artist Library (TX Library)
TXLib [Ver: 00173a, Rev: 175, Date: 2025-12-31 23:02:50 +0400]
Copyright (C) Ded (Ilya Dedinsky, http://txlib.ru) <mail@txlib.ru>
See license on: http://txlib.ru

TXLib file:	c:\users\user\codeblocks\mingw\include\txlib.h
Compiled:	Sep 14 2026 00:05:08, GNU g++ 4.8.1, std=201103L, MinGW Runtime 3.20, 32-bit, Debug
Started:	Sep 14 2026 00:05:12

Run file:	D:\C\sorting\quick_sort.exe
Directory:	D:\C\sorting

--------------------------------------------------

--------------------------------------------------
TXLib соболезнует...

Программа: D:\C\sorting\quick_sort.exe,

ВНЕЗАПНО: signal (22, 0x00): SIGABRT: Аварийное завершение программы, вызвана функция abort(). 

С помощью функции signal() вы можете сами обработать эту ошибку.

#1: TXLib [Ver: 00173a, Rev: 175, Date: 2025-12-31 23:02:50 +0400], Instance: 0x004F61DC (32-bit), Flags: Cmdre0, Thread: 0x48CC (Main). 

--------------------------------------------------
Стек вызовов:

# 0 0x0040B361 in D:\C\sorting\quick_sort.exe: (anonymous namespace)::TX::_txOnSignal()
# 1 0x77968F03 in C:\Windows\System32\msvcrt.dll: raise()
# 2 0x7796D3CB in C:\Windows\System32\msvcrt.dll: abort()
# 3 0x77969D47 in C:\Windows\System32\msvcrt.dll: assert()
# 4 0x0041E9F9 in D:\C\sorting\quick_sort.exe: sorting()
# 5 0x0041E8EE in D:\C\sorting\quick_sort.exe: main()

TXLib печалится: Нет информации об исходных файлах. Вы не забыли опцию -g при компиляции?

--------------------------------------------------
Developed with:

The Dumb Artist Library (TX Library)
TXLib [Ver: 00173a, Rev: 175, Date: 2025-12-31 23:02:50 +0400]
Copyright (C) Ded (Ilya Dedinsky, http://txlib.ru) <mail@txlib.ru>
See license on: http://txlib.ru

TXLib file:	c:\users\user\codeblocks\mingw\include\txlib.h
Compiled:	Sep 14 2026 00:05:49, GNU g++ 4.8.1, std=201103L, MinGW Runtime 3.20, 32-bit, Debug
Started:	Sep 14 2026 00:05:52

Run file:	D:\C\sorting\quick_sort.exe
Directory:	D:\C\sorting

--------------------------------------------------

--------------------------------------------------
TXLib соболезнует...

Программа: D:\C\sorting\quick_sort.exe,

ВНЕЗАПНО: signal (22, 0x00): SIGABRT: Аварийное завершение программы, вызвана функция abort(). 

С помощью функции signal() вы можете сами обработать эту ошибку.

#1: TXLib [Ver: 00173a, Rev: 175, Date: 2025-12-31 23:02:50 +0400], Instance: 0x004F61DC (32-bit), Flags: Cmdre0, Thread: 0x1C18 (Main). 

--------------------------------------------------
Стек вызовов:

# 0 0x0040B361 in D:\C\sorting\quick_sort.exe: (anonymous namespace)::TX::_txOnSignal()
# 1 0x77968F03 in C:\Windows\System32\msvcrt.dll: raise()
# 2 0x7796D3CB in C:\Windows\System32\msvcrt.dll: abort()
# 3 0x77969D47 in C:\Windows\System32\msvcrt.dll: assert()
# 4 0x0041E9F9 in D:\C\sorting\quick_sort.exe: sorting()
# 5 0x0041E8DE in D:\C\sorting\quick_sort.exe: main()

TXLib печалится: Нет информации об исходных файлах. Вы не забыли опцию -g при компиляции?

--------------------------------------------------
Developed with:

The Dumb Artist Library (TX Library)
TXLib [Ver: 00173a, Rev: 175, Date: 2025-12-31 23:02:50 +0400]
Copyright (C) Ded (Ilya Dedinsky, http://txlib.ru) <mail@txlib.ru>
See license on: http://txlib.ru

TXLib file:	c:\users\user\codeblocks\mingw\include\txlib.h
Compiled:	Sep 14 2026 00:08:25, GNU g++ 4.8.1, std=201103L, MinGW Runtime 3.20, 32-bit, Debug
Started:	Sep 14 2026 00:08:28

Run file:	D:\C\sorting\quick_sort.exe
Directory:	D:\C\sorting

--------------------------------------------------
